99.29505853167987 -0.12119670591937637 0.7774665955188156 -0.23464610603030311 0.29018012801279913 0.40307573260612584 0.5380026381578287 0.6814234828583341 -0.5890375415087747 0.0594461780920259 -0.07367434905225312 0.5740176162237214 -0.31670649090262404 -0.2983295802103487 0.4059096357400951 -0.12503967891432555 0.10782048263132094 -0.8164840566436771 -0.8918275418609918 -0.8561475347388803 0.6049311324299715 0.4061353283804172 0.21420399985521477 0.6356432013096005 0.7584845086723266 0.13942511770467614 -0.5522126592381418 -0.46669164319856216 -0.711652002927543 -0.4660153310666453 0.6591602291167566 -0.05978011303048425 0.39372354385813413 0.3566807012865367 -0.9540430632154415 0.026216340646577185 -0.2566376196430775 0.34762024375713696 0.9835564131627044 0.05857613803375972 -0.15756463634622975 -0.7594259481478236 0.7503882911007744 0.1985424655793644 0.5652418897446236 0.6565897135211822 -0.21542533851479062 -0.7074961559465711 0.5300295360500087 -0.2444501348825785 -0.48531002509692556 0.5275731808087887 -0.7457390556362848 -0.685235416397745 0.5585951037697208 0.823471664159142 -0.749368693501206 0.19296702909628616 0.37793935652190314 -0.6401792229248546 -0.5004634886776178 0.6735387785600047 0.5866059024285808 -0.4417368667968906 0.8558479009298765 -0.04632875838446204 -0.6337520637684788 0.17192466096697534 -0.07212139961719188 0.29963421068026985 -0.8368541821731796 -0.11418175559431787 0.09943830548682575 -0.528525924318056 -0.2362327876614616 -0.7147200289009741 -0.04731843050850659 -0.959448370120576 0.8164157174634459 -0.08438625331554461 0.054090718188745335 0.9805061881717527 -0.6615627294785464 0.15515615195293542 0.35908517381099214 -0.40545460903706765 0.6742975493489567 0.6968336559298518 0.6864857415420784 -0.9129398130924655 0.19653081729836552 0.00872522152316857 0.5580772608525224 0.42269640269348585 0.5102334124516708 -0.41359572183760096 -0.41789979411525535 0.8270747197937796 0.20464394313852186 -0.8473357647040487
-0.07442719864570124 99.85936209719969 0.7316108733847819 -0.2253600451222466 -0.7463654403024385 -0.11506031845054387 0.5077589953982784 0.1011662176467154 -0.6897892371334202 -0.28038051310534007 0.3539020743913881 0.8084432500939915 0.4351509307892538 -0.8131900597467605 0.08799737899913218 -0.8622738230450846 0.6795037223589084 -0.32741585554687624 -0.3294488384807701 -0.3928662563759868 -0.6182589487381114 -0.30148940659241785 -0.8653360933139258 -0.7531632607232657 -0.31916294106422805 -0.5416961551414725 -0.11939013661085496 0.03587786708694107 0.14945524298245694 -0.5957250771412785 -0.5770040725958003 -0.42539505982120196 -0.9170806612991813 -0.8595773986544901 0.5465964438825115 -0.48609347481949605 -0.15286348391649174 0.01841170206830811 -0.17091175706324946 0.6174751739874926 0.8952981077722331 0.7677362358752591 -0.8282094526415873 0.404423764454072 0.9214103793363524 -0.812660503604471 0.17066269095231656 -0.5152403970727644 -0.9008763213249549 0.6809417643353797 0.6561969079814749 -0.8617335207061478 0.46600262442154117 -0.26816143979648444 0.4520981786765932 -0.035377548674649706 0.8006392750804603 0.08827795616157741 0.8675441232559999 0.2438441626099288 -0.44904844570977853 0.06381833429183148 -0.6208254453738729 -0.15670757346822106 -0.5259582338099391 -0.3880450539006013 0.25837061383345494 0.15012067246373295 0.3658432503420357 -0.9474927392829295 -0.1493656829220451 -0.20515640649768718 0.34949282924595626 0.3023279196957245 -0.10706417253990352 0.9731104423479853 -0.8085000745742126 -0.8432523777365164 0.8929086456666384 0.2077166798336838 -0.02334102157828699 0.2389783806361594 -0.4580273686947134 0.40301219134260635 0.24374281048881752 0.27110736095711174 -0.7476938200444536 -0.22623721226764837 -0.6093967285247859 0.4456418292222146 -0.7414823878708514 0.645279062889627 -0.07758245461540958 0.2791490486169226 0.3754609298900493 0.7498540016174529 0.5274449215035759 -0.07171382641967972 0.2814192845430077 0.9305512749552449
-0.5265991434404989 0.1452908496245724 100.63413108948286 -0.1411427834587784 -0.5625331721369471 0.30141967010522785 0.2288373833935673 -0.7163991230335527 -0.5404724012721969 -0.4928402427791423 0.7506468798582266 -0.0005620201384450851 0.8906670354502622 -0.6446995096927572 -0.08225344871559259 -0.6981435136151115 0.6620923248085915 0.9079144904097978 -0.7503074595693833 0.03503717122444061 0.2965376111635929 -0.32478723248438457 0.1675396285758317 -0.6194326399547245 -0.19794291834951983 -0.9847812812761421 0.39240809083756645 0.21605513967217038 0.22844740006535025 -0.6335211440600665 -0.42739288255910335 -0.7443733155777958 -0.6141552251924516 0.7877089516787983 -0.21359628184910084 0.8919146988210405 0.1957778717717602 0.17026459157599616 -0.7954794396408311 0.8653576812802146 0.8036819578877701 -0.6987302100237724 0.7530748166739103 -0.1511633793482816 -0.45623938941483266 0.6475635521540546 0.6900491667528643 0.7475102772167097 0.3551499569226708 0.3127650841317082 0.9758315359770631 -0.15645104340921212 -0.4183438649687188 -0.8466752805872217 -0.6612323094246497 -0.4064231024514806 -0.5783682733915443 0.11127817320951361 0.6344395988432732 -0.3635385712848367 -0.48488634585653756 -0.4199196557986986 0.8412133470499072 -0.7415876389322928 0.6030737994505706 -0.4481347460733962 0.7582587555237152 -0.6415039994264109 -0.9511742127974145 0.299175096084205 -0.6064090730738103 0.9803450507123388 0.8634737621041262 0.8319284739909851 0.3063459945277298 0.8498146258052659 -0.6781822238978286 0.09653656833080082 -0.06521607424008002 -0.545152434079591 0.5482500443690035 -0.38885295479903403 -0.6673444989621857 -0.21054023249244902 -0.017367772767655554 0.6783347925488188 0.9603850277341177 0.5494631265434882 -0.9580423166889609 0.9300074209978295 0.4792344142186604 -0.6246256735431002 0.42781101845255587 -0.9727041126510514 0.9728566606358284 0.14768862631022395 -0.7760744164814517 -0.12297513667453286 -0.2212560924834408 -0.7453463001333738
0.07195896691523163 -0.42756373496841515 -0.7060761183561302 99.56009224822299 -0.2855918795452119 0.826220604810582 -0.2999410064308432 -0.26604683834901066 -0.7778567660838143 -0.5124275064086574 0.5300985545246286 0.7252426647862396 -0.841191967990859 0.10246251232762682 0.50618958836204 0.40828008880330047 -0.3538913584957779 -0.2541207128627656 -0.23128750782891894 -0.2964987287007812 0.48194265941253467 0.5950421799187684 -0.9259411908606239 0.28921035719514165 0.43727461472970064 0.05177367687318801 0.07692262383557114 0.42790916209718954 -0.732524667722714 0.9837471373583693 0.703573788206302 -0.8260295476472188 -0.38847002248938933 -0.7963302288897509 -0.0711247726270885 -0.3969072329529477 0.5857445850472469 0.4789234610708344 0.3391422800897408 0.6092968231495342 0.6693226093290976 -0.21621757718639745 -0.3990715341059188 0.38616750660959775 0.7320475063154366 0.072004087532336 -0.5311530300405629 0.15189159818347764 0.6646287360060816 -0.3175611944940051 -0.24829393027109914 -0.3896991124917979 -0.20861697769618037 0.1539372622182773 -0.4811070417540835 -0.7792899139117322 -0.9495328020986697 0.3526908784182399 -0.5477232760073711 0.7556702792514176 -0.8786466574424152 -0.869583073501826 0.3450187328084542 0.5069348927958377 -0.9864702290684144 -0.8985946038443031 0.04524993252338194 0.6741178961149894 0.8663066792102776 -0.8929115380843875 0.9160095301039928 -0.9746216007106281 -0.836606590104439 0.983388525018668 -0.6860643422119499 -0.8294360479430094 -0.20985486085745753 0.6806490642126017 -0.7894683716115123 -0.8599645303270671 0.5128928898507552 -0.7121066424625944 -0.15136977093296333 0.2817834708865925 0.962690742499845 -0.4998808906338137 0.026860712115134744 0.4056531397100349 -0.8150249630802966 -0.358481896259891 0.6815609062047285 -0.43500601152098595 -0.26800180479784275 0.6068287672618908 0.7147980065485413 -0.3397769433430662 -0.15437533543114834 -0.5342925024805505 0.8256451473072222 -0.4828399293092547
0.08094785438951768 0.9105908399070739 0.9231362990343341 0.06685404733158928 99.51944884629205 -0.22252498321658543 -0.0693224311859526 0.8462140755842777 -0.16138429603298832 0.11762524597295765 0.4812654900917741 0.17134431910392056 0.8372514482993256 0.29305599990923703 0.6712266189315825 0.3629517849951318 0.48856160910284485 0.7174131429949124 0.10182773176348814 -0.0799443968236897 -0.05304230672009069 0.7029880923713037 0.143176233562746 0.4849570018597036 0.957155630576707 -0.6397878077750951 -0.6063106519772936 -0.17743006103236247 0.2921223237128059 0.9711817744597646 0.1561432473813622 0.7802521208908093 0.43574360472380946 0.3521650564774086 -0.7379451730130133 -0.2963657559480699 0.21023980948811682 0.0825704895645063 -0.48696696066859424 -0.9951202260168399 -0.8001247700252578 0.36302220263402685 0.5518902900615306 0.5727015314811259 0.7023689794955368 -0.4603689109351148 0.2120313665380169 -0.4081422476766672 -0.5942558277553749 0.8446069672153536 0.6967297133468884 0.6728937230797174 -0.7291833306571651 0.6536509901038767 0.471623643798466 0.5144713469578148 0.5226335651069063 -0.6524365504992102 -0.8197905356536701 0.9418945298664487 0.5583181489481672 -0.9787858691748303 -0.20062223900953424 -0.9345288739881243 -0.9794576549848857 0.30096893294353877 0.3520361020191516 -0.37304145196874594 -0.18930057513374132 -0.24940921393401116 -0.024806694865009193 -0.2060923685029783 0.28994814632672083 -0.6133383761730467 0.4513821848407926 -0.12459443655832869 -0.5064804145920758 0.26660623047922827 0.9391342671157921 -0.7648645500385798 0.41931918268813195 -0.20647411683765204 0.2986214734104118 -0.36453718625659026 -0.5503446859408008 -0.45769906720824394 -0.4198612652709133 0.990802658347069 0.9169180225191236 0.29494312504177245 0.7653839387796633 -0.4710822020722394 0.8924330963681832 0.3404885971101206 0.8687462898726783 -0.74605100717048 -0.9918838548139861 0.05429847113943409 0.06590738819239506 -0.591916674549164
0.33142975234300365 0.7365816584096654 0.934548284658969 0.7928589309566663 0.24065072868545911 100.74065550636949 0.3269868029549803 -0.12929831939090142 0.9214884874746452 -0.911658405261984 0.2362734546044316 -0.3836172194907743 -0.6282368308012933 0.43990654792522643 0.23160980364132322 0.15638486406487462 0.4966288121272706 -0.4979958700883247 -0.9928090225688193 -0.10675189459779721 0.6823385258182415 0.9985882739294374 -0.9697330226802847 -0.6952960057464097 0.8065331697283022 -0.3455599416964077 0.1365474912783171 0.0061488533422418 0.27677524998779957 0.6786446889053095 0.46372202067348245 -0.6707287998035423 0.6601060410914592 0.5871979419410533 -0.566732031600983 -0.5280454559774479 -0.39815429732430285 -0.1407735483352881 -0.14044002058634786 0.7524067240375119 -0.3122116195075566 0.7618592192298124 -0.7688242116957174 0.6655235449246037 0.22788643205253178 0.9052043767799955 0.975490700672182 0.06508802406914471 -0.263504061158371 -0.7464030560481949 0.24360006080223617 0.8468580913374848 0.7171392310061626 0.2774432793152526 0.7194812859308464 0.9501470814707029 0.26885963034469307 -0.16424487999360093 0.22163129490218192 -0.7672064304754758 -0.9077658715534165 -0.7048405861855498 0.016188520582748334 -0.5280758903090428 -0.6894814495763637 0.5564773433771351 0.1204857094313938 -0.767969920740146 -0.028598277914693826 0.1961042039418821 -0.7658867047881142 0.2338150246673023 -0.02323427738340622 -0.8126568028737602 0.33669995256843244 -0.6884440023823464 -0.7154445467773456 -0.0046876055543580986 0.13215216330376212 -0.003205508789978273 0.4134316196536987 0.31614097264086394 0.2385182636985046 0.19638509703749762 -0.6761816131026501 0.8878910557394548 0.6131496475864568 0.9328785809976083 -0.5686664548732192 -0.6966599398124491 0.5975668312725486 -0.42592935927960074 -0.3624406057473566 0.05939587950166603 -0.0009829117674153842 -0.8111091977315854 0.6598478896115285 -0.3134250066359212 0.026905517733660123 0.9089863589174285
-0.31773071178516576 0.4604715418910674 0.38935791084427795 -0.8812731422226532 0.881044222302185 -0.21136276019310762 100.44602086443932 -0.9321940574515801 0.8757237179836508 -0.7782083135779478 0.8138176768948995 0.4109877251555307 0.7807318663050438 0.01941442110940028 0.6170925876157758 -0.03278219968724594 0.426442047581826 -0.9522717453832421 -0.9125516513913576 0.2481765515746095 -0.6619859101344356 -0.8657478898177677 -0.4370849018876031 0.9353945888834514 0.9513113788871028 0.5039438753507166 -0.050808737903194734 0.15608369088945095 0.357750953280501 0.5235149225178193 -0.8467588779919124 -0.965781339899918 0.638680530475978 0.695447341845393 0.22147147493768493 0.04725306735631163 0.9415620898991668 -0.23859336230961503 -0.5998439280115087 -0.025078763699794893 0.2745673551221832 0.1449959808819843 -0.020721554140283205 -0.11840582901133079 0.7433357740117237 -0.9570820678672347 0.5189421525631566 0.5969549733365855 -0.23599680288984026 -0.14865993583286974 0.45480537947401833 0.6713012392996427 0.921314667221037 0.11866102633820907 -0.23240731732381925 -0.4437143105974499 0.08775586186532713 -0.9697460310325987 -0.39805736511749545 0.7040070736130435 -0.3643954885678975 -0.7788126874472974 -0.8592613038241876 0.5205402548729738 -0.025496778189025182 0.3104406960119477 -0.34990533956810865 0.01775550883399979 0.42221878636879717 -0.22075604926379944 -0.17030868600876503 -0.7558127616373598 -0.19107806135663608 -0.1747547526006188 -0.7111350310743765 -0.120512058581975 0.5291836768394143 0.6114786061861028 0.7025860656021277 0.7966877484262764 0.3300638334409287 -0.9362226103493678 0.9269031756615476 -0.5213714137286145 -0.21830408602020746 -0.3980954145591309 0.426334580658269 0.3327095744007855 -0.44408971064480474 0.6071671368429858 -0.9031304375173823 0.5647635982445793 0.2567659323086642 0.16170398811343678 -0.03806488490112381 -0.8599094823733113 -0.9956881742044934 0.7347650063053184 0.8435658415799525 0.7610268788303489
0.12985117589286999 0.4381692762761469 0.6876332682771484 -0.5309019158244577 -0.02619038715055999 0.5546701169637287 0.3152958495398299 100.60478111821915 -0.7555216100172213 -0.4678420422560925 0.12875574939787748 0.19828963022501367 0.6950082690010422 -0.006613040864226649 0.43199751101222206 0.7074698271165116 -0.7810401347503011 0.19254367091096847 -0.21398718447581366 -0.6905049959957474 0.9394704005268222 0.9113765281635042 0.5654111369497701 0.95611587484482 -0.25407148625381626 0.15219673580527693 -0.5701490408023102 0.49659304143176675 0.7640807303069781 0.8187104686427107 0.08335499273494062 0.9347247143567461 -0.5475728150099002 0.9223864449387245 -0.1953617379265442 0.9851109650591869 -0.513211847651037 -0.75141741781041 0.07229225835959108 -0.8997406102451082 0.9875367577425209 0.48580276489809116 -0.47336716248273647 -0.47108922153374144 -0.9026303500906914 0.4921615655831286 0.9342196871870629 -0.04470034343424811 0.06951286970158099 -0.6713057317033948 -0.29137508327172035 -0.24938073865118193 0.9395240380436891 0.9626468609226488 -0.889665166186012 -0.19316364399005437 -0.9058240059322304 -0.45875148718473446 -0.8127542377986443 -0.9391374861832225 -0.5046957811073938 -0.34437735195344454 -0.4799790780116111 -0.5522145311756135 0.8334134853966557 -0.7978128101561834 0.3004408961308562 0.4586696326574409 -0.3782876686261365 0.14986545715682964 0.6784064296527639 -0.04288377123148468 0.7749311533350636 0.8977124900681608 0.2501906650586161 -0.4037525427634774 0.11145976312823969 0.13696321204043516 0.4724879491887406 -0.7427959387143861 0.5088194252860236 0.5635606200774796 0.36183755736805856 -0.5472349901722535 0.2953553006880816 0.5289644180226427 -0.18654089007869734 0.31504746914721515 -0.38196612276360864 0.8384621937739172 0.9689023526446969 -0.02473470894756269 -0.8844687510946247 0.07962488786285582 0.3185601518020029 -0.8826315953508213 0.6579074021057396 -0.20119989401525729 -0.5943002181024313 -0.6473334727227504
0.28671972152827685 -0.5869235673802675 0.3059355920642559 -0.04588867442700617 0.24621245146858706 -0.4530877456144171 -0.5667110988670707 -0.12190086303754466 99.75052768007147 -0.34623587946339485 0.12092891665864314 -0.31221832241016667 0.5268896492527244 0.14530073980712177 -0.05023103938870599 0.38692915626478674 0.5710138122995416 0.6793163262126982 0.42898726925663966 -0.41377244847170225 0.32873031552313203 0.601916313693438 -0.768592581539655 0.3049524320460508 -0.9951143899346295 -0.6905266690393423 0.13676395389065088 -0.34330073505365477 0.9720308385962999 -0.9130127996747963 0.8137165236608541 -0.9148697673433113 -0.8026600072163002 0.04979331614590343 -0.17223514000188977 0.07127824434818475 -0.5078448944068659 -0.20585870800665362 0.8533093766023832 -0.7767053781796105 -0.5924777483187178 0.39580117141959126 -0.886236439891908 -0.28045066563076837 0.6737308615022728 -0.9575818664947362 0.5315756141084482 -0.11605076043272833 0.30677650087575725 -0.854069120671684 0.21525300285803772 -0.2966824341935481 -0.33608307781217794 -0.13876153974020955 0.1869233053451982 0.7607744403976273 0.45130775278890267 -0.14177512327110464 -0.04778239217991542 -0.08957839625210107 0.20148922087334897 0.8317984111095293 -0.5543134383669932 -0.6130474844662639 -0.2805246165155668 0.9460002084513675 -0.6703258574456517 0.31729111761645123 0.536368539083105 -0.32518503960533196 0.9740573279005948 0.8057284434978991 0.30398640302263447 -0.08422619656958807 -0.7687626065235365 0.09329279366327659 0.19329402716786248 0.8934153183903846 0.9272075907162947 -0.18767185882167148 -0.23528635488738336 -0.24584543769798173 -0.4521732136318619 0.41351398354889635 0.5614233970434339 0.9096568746786087 0.23169034853172432 -0.4690471318212388 0.7566458724463285 -0.8615866136507784 -0.7944337063066063 0.9025199308075746 -0.07810340942552951 0.950766956782533 -0.8154364641306624 -0.3441645682036014 -0.32099279170554906 0.27618127471519327 0.7145463121928999 -0.25971661003043045
0.5066017706312405 -0.6948725181081992 -0.853423540708885 -0.030856141813619287 -0.9159387954082547 -0.5439789243084296 0.21659321936751863 0.962088440346055 0.557588472287208 100.40792045216922 0.9496368105568525 0.7340488957198728 -0.6299157426537765 -0.8630622301750297 0.5542195768045077 0.4039007919909472 -0.34338886053703166 0.6546370469657947 0.9582253616064635 0.15992205462683007 0.7236008897215054 -0.2846061178984953 -0.3353531853637335 0.4230155080753135 0.9863732739007178 -0.742239298944527 0.7951128063211448 0.850848510136246 0.2002716113760974 -0.4333229800611911 0.8675556436401717 0.6174911019983746 -0.23628369039058406 0.7784977586081605 0.0075407225104662245 0.9215704156719506 -0.3256420894773484 0.06358992612788938 -0.7571857117433214 -0.5609738162092273 0.6995251097167605 -0.10091243322139531 0.9893963402281876 0.3737565290470575 -0.6934143880102672 0.6918504568707331 -0.17006224849992635 0.9027986521084297 0.5157793233060524 0.22261124302300006 -0.44717293015170423 0.9187723646307713 0.13512816231712588 -0.16127086127059354 0.8028450145463635 0.8047949722589149 -0.32561335354536936 0.14569512758163738 0.9599306254412148 -0.3321448067855439 -0.42016890690342046 0.1604706033205876 0.9755405728878725 -0.718976118806147 -0.6136813103328078 0.44947988560077534 -0.7918409935142865 0.5252903508848241 -0.03574547069218026 0.06785093198393244 -0.911719756998832 0.219707298140001 -0.45764682202084517 0.5372375988656215 0.28380322958602844 0.8858365314663939 0.7187290745966821 -0.845407328150092 -0.49533803938690557 -0.7762126269116478 -0.07760317384071747 -0.9836593071610584 0.9590984905588125 -0.16208398363044085 -0.4452209463984511 0.8622884508843822 0.36680290845761987 0.8730874406107487 -0.4075208966648418 0.5221967572015982 0.1340840829819816 0.009851243505086593 0.4286011864994792 -0.87725502066531 -0.6565405390935941 -0.17520824120585843 -0.4894623011053545 0.4307350126767375 -0.15915357771027527 -0.684629530561085
-0.3591322499122076 -0.6299011002103228 -0.8512224019752352 0.9571874256587576 -0.6393353795007066 -0.9197469099205837 0.3393400573014491 0.5006169485915493 -0.5175443457118882 -0.409201937011374 99.33536350086668 0.05673941848700603 0.2517113741313144 0.3938385889480789 0.8772665822414567 0.30691057851936976 0.248560907946765 0.018496689654268206 0.3270571525937922 -0.46190225596802525 -0.9835262337321502 -0.5619425162810294 0.03700567540641386 0.1422659264826016 -0.2696504956584025 -0.7643306907502871 -0.8429309228435178 -0.984495684719253 -0.21653924229073462 -0.07272213462420218 -0.8727268790948277 -0.0991297552067043 0.7273130911543912 0.058696817050415406 0.563402999441748 -0.18664443389010077 -0.5655997531236994 -0.5855020033923557 -0.29108595587381614 0.4693862992317879 0.9194679686854621 -0.6826712438464577 -0.19277176811319308 0.3584860239173939 0.6736035061937382 0.8809633358699045 -0.263022179488444 -0.29867168327751203 0.11108745152838995 -0.652204763286486 0.1767525967557726 0.07430916867860438 0.7939992907392479 0.8553649713805023 -0.6164872644793702 -0.3337968631493011 0.669982192864734 -0.5120193882581199 0.9541635136745548 -0.7585395182687416 -0.9902357560299808 0.2971751748846332 -0.02096682156534313 -0.14653552959071225 -0.5113568453825834 0.4638488919662307 -0.8771845610196292 -0.03755538111828449 -0.9723032676295889 0.83887832504943 -0.22029785708241012 0.9792571570961965 -0.2034611587792574 0.6838528058522861 0.21562269654991773 -0.2641740979178553 0.14281812717770803 0.846355452705696 0.3764864694062888 -0.4623412946020864 0.06959137118450753 0.7431182867057062 -0.47955832900586604 -0.08014228589373862 0.20112431594082714 -0.7368742937731874 -0.02165468809599025 0.22083912896727953 0.13739184028368068 -0.2904296198971261 0.977533026219698 -0.6501166011986308 0.48476552621561786 0.7357686398285104 0.5458486894007342 -0.33130617688373754 -0.5623055178500209 0.7138311247094511 -0.29671802061208497 0.7518385727745664
0.4663675653628643 0.006680287575659971 -0.3553599056034811 0.12132370048724073 -0.36578177527715616 0.034863397876252256 -0.814486855534547 0.035034772962558636 0.340798306458552 0.7484248061470302 0.8518286929887242 99.60732881037882 0.7947923244554493 -0.19307213384506983 0.0260658013612185 -0.057039283204415536 0.8406580096382494 0.9918239233864206 0.47215309052584575 -0.14381117570998536 -0.5630175595748828 -0.5522712588012222 -0.7282490539114137 -0.0603333620023081 -0.42534359563400437 0.9750536030793178 0.9143293824023486 0.26540354152607515 -0.5952722205430163 0.8487177168207742 -0.2065592579393476 0.04515048419068024 -0.22052590910609426 0.4056890131694675 0.46619749286599865 -0.44331108157942767 0.9907858500069244 0.7674405301194873 0.6938890597062828 -0.2491038607021836 -0.5364040777218968 0.889167810632981 0.7689557791032 -0.47558075394140453 0.1965818444041607 0.7870652652933339 -0.4161210599163825 0.6870316474079621 -0.20985633011191962 -0.5822152819512574 -0.13022926249616207 -0.6902452834860793 0.5620827689796821 0.14435746755541 -0.8890071585587815 0.0015584436545046376 0.2810860300933671 -0.9919539800018777 -0.786238219199165 -0.2040034675791349 -0.12014873628735145 0.7126021185433296 0.9897824289004726 -0.1679650528091725 -0.8299567669407077 0.6565137211837697 0.3140814059725292 0.5625324974422905 0.9881440169980644 0.5876360217310326 0.12187708813201348 -0.981584008576248 0.4901651728771572 -0.7380381860067224 0.898119313645581 -0.1968485940873841 0.20816149982878462 -0.3190415508081337 0.6505389903468486 0.9283221863357716 0.5230129489609596 -0.2599144777829314 0.16816061265582127 -0.022330123771406418 -0.33734262022390404 -0.5344721459527428 0.05414295933838309 -0.8548697002081656 -0.8749380694196165 0.708583369478347 0.6481057156204213 -0.743961366911184 -0.6926486924387993 0.4922264678786237 0.626748525903216 -0.6798686222562564 -0.15581248512707946 -0.554155338131197 -0.7073537227703728 -0.908080271514776
-0.8588835363125118 0.07937381232535667 0.11346428311486623 -0.22401486562541573 -0.2817770944413729 -0.2954178829463545 -0.47083978824059547 -0.7077368261267734 -0.08980667477632842 0.37663275535676743 -0.21548733183678648 0.4670894260799121 100.02723856697466 -0.7649686004511982 0.6629945190710413 0.9900443650540569 -0.744157812660212 0.8342996958165572 0.2038333676526991 0.47799117425057847 0.3762226758942986 0.21648067210031785 -0.5337319240940575 -0.3605501843112555 0.8722649152732138 -0.610966663493165 0.541074037255679 -0.2505730956509502 0.3282491890001986 -0.9612140076576683 0.8547037982382502 0.934863125852287 -0.2664331983338921 -0.012150711508488898 -0.9423672760954924 0.6465570068477198 -0.11212062118571264 -0.18227067495977023 -0.8768158090439337 -0.475431505476297 0.5325612725638251 -0.8774159132324892 -0.05177452027565188 -0.6522008925028813 0.04957718626035801 -0.4132461024576928 0.9591293797834841 0.12841039756123074 0.033628547569502176 -0.9939685878681974 -0.7763035918254364 -0.016199090102878122 0.47785583930940567 -0.6502898221509053 0.41595320319218576 -0.4594912056401075 -0.6704628068351997 0.4793410686020041 0.0010251541897390304 -0.018549402964471273 -0.47281904265498587 0.6334096032676924 -0.24554949832964512 -0.08292446711406032 -0.4047462864400482 -0.4562453653730203 0.05366013716008644 -0.15676485315591715 0.14000850630956374 -0.5183569579896119 -0.07071732606290171 0.09541535010681512 -0.08702464485789907 0.0038117744449148727 0.15327795736230643 -0.15323396913607956 -0.5261821724697557 0.3840039871139511 -0.1335566856896544 -0.23496901250861213 0.8231129599808682 0.7909403528363264 -0.5760947497197741 0.2502185777148487 -0.643628419999827 0.04067614901095595 0.1479882317489305 0.625416584641042 0.5054672401886549 -0.565225444904413 -0.2747840124319443 -0.18178528479268063 0.5222588001635668 0.6266967379943689 -0.8190814154558468 0.6454252853512625 -0.05902605464012378 -0.9387527749657902 -0.8361237639468464 -0.08600134583998909
-0.006264907310739698 -0.5023581170064431 0.8967389592821058 0.7306186845032481 -0.2214451717859287 -0.792290910983265 0.29133176467576294 -0.023884636428247674 -0.5078386436053288 -0.22809403443184006 0.2157381903466251 0.4230478658094745 -0.6103141937930663 100.11907992238811 0.47598168521980555 -0.5384136514331861 -0.19998750632994722 -0.18628535436555183 0.8322172996799637 -0.8673784278211747 -0.7326203718064364 0.18683387386916595 -0.25980975053350863 -0.5696044112766625 0.4524055132627465 -0.12965712467574075 -0.02754811297277815 0.7958402548342864 0.07362076086937952 0.400287428729869 -0.05640437829481071 -0.35545094854350023 0.04277887749827225 -0.5114004966435086 0.5214307976400889 -0.9918226131889243 -0.005269826861721505 -0.4411016859265482 -0.8987524228968482 0.525976438129875 -0.9646011106990291 0.6788289270896488 -0.8731734466080827 -0.0004981061870767967 -0.1558812005972603 0.7344620626471272 0.19673141959208285 -0.4860084270274976 -0.5774164917507474 0.692756705084761 0.9763213661053545 -0.8337612276942807 -0.49791681337157745 0.9105291826823587 0.2550873246541523 -0.9531323999458758 0.29149459403678013 0.8166694062550186 0.9514209215343341 0.8617323622254358 0.20674025092270254 0.911123587026468 0.6930757138020385 -0.5766212008025902 -0.10028305004340377 0.5480947799244285 -0.7928228054322013 0.1348121992500888 0.7007307290173601 -0.845177340879907 0.29965430204422483 0.6463225430062753 0.7372432204371475 -0.611029417617398 0.29016662787122693 0.2958157270552808 0.6170203852738945 -0.4193448719941155 -0.06649006639523547 0.16779040521191702 -0.39529128572288497 0.4279720009260761 -0.48351630437245285 0.37456975665791736 0.16123496238029156 -0.31712881649816116 -0.9009562954467556 -0.8108094383998772 -0.13817212690674707 -0.22895369369872087 0.6732578776047016 0.5541245942091135 0.9910966306878537 0.06086231136931963 0.35056897511361607 -0.4923090036440976 -0.5572095020563812 -0.1493987634704641 0.2574658139904953 -0.9367437088573225
-0.27060025862090775 0.3090614548302495 -0.4334132318757158 0.35300828638210335 0.013684878392913769 -0.4149849763919262 -0.1948715664893459 0.7513911954861123 0.46189052589683377 -0.6674827125405816 -0.46868036074480224 0.3313282962820241 0.24258085696635612 0.22271308443869908 99.77949486556663 -0.19605368887513608 -0.3748031868187671 -0.8640015767946483 -0.5701379514606284 0.6172327189802964 -0.5933715938910837 -0.7992316518828182 -0.43775905510490287 -0.09425192775172686 0.8389179556409105 -0.5186767309905087 -0.48626337682390086 0.6686051230512069 0.3597090704585959 0.30208991988773337 -0.3475396223919971 -0.6865404834084634 0.41881432711235567 0.8924035284298892 -0.2177136132434585 0.6574708120265058 -0.6946111803829762 0.1618216493470095 0.20305268732092663 0.5764150838527844 0.9794419693903722 -0.5227763150518885 0.9587696218750386 0.17195702373381105 -0.22381486442993226 0.8780158108029625 0.6989119735944098 -0.840370620587862 0.8125401356523827 -0.2653081969532929 -0.3518140138428649 -0.5381796834610155 0.976528875218085 -0.6965958676905044 -0.777143354917474 0.6876772396845208 0.38451876290331155 -0.28746735069307383 -0.8483961034143113 -0.2832435061254659 -0.23763771732893701 -0.8271933175661588 0.9232044545329334 0.4486873460808998 0.7117182838131433 -0.3529722371028585 0.8182670266453358 0.21181777221368026 0.8466269093169319 -0.7333357168966812 -0.6820299075426757 0.721309288427654 0.9105930315083699 -0.6630800187287329 0.46555697095546833 0.35923436982107493 0.060419406178080726 -0.02686289735866687 0.04342694198009389 -0.848316482189285 0.5284701597137544 0.6011793874014577 -0.09191575431319876 -0.0918397702739584 -0.8158212184363458 -0.43151437171009643 -0.31070528699219535 -0.7859560635081149 -0.8336624665802284 -0.7146017385720977 0.1684712295348485 0.731204096917609 -0.7575977168108992 -0.024555591769767737 0.6644155659753253 -0.1324789097149004 -0.7030440287844986 0.8721867158579053 0.36404006770607933 0.09386370994617432
0.6810680407443022 -0.1961058505266453 0.8269244803270444 -0.3920486801195968 -0.11147538005516999 -0.504750594313836 -0.575649899557102 -0.2705426314746686 0.44489206812966864 0.10347368094890941 -0.18691705111533774 0.44934877640812143 0.7490481056246976 0.3354075302532109 -0.2022483404428861 100.74191623419495 0.7622880972867259 -0.9016929336964978 -0.5916559159871644 0.15382444764489067 -0.9134487308966197 0.631887085285753 -0.00772576479970577 -0.1660679810542447 -0.7914757258882443 0.74163846923112 -0.6555615805638324 0.9413200047382453 -0.7305290895617456 -0.6846788010773153 0.06804008524128902 0.3640373729807289 0.9760639548100651 0.565564643538444 -0.28131049044143275 -0.11751266667756521 0.9715788120039761 -0.9123379717301443 0.16403838441645524 0.3870825103996838 0.898737982541449 -0.06403058874291223 -0.5838052238999627 0.18840216382787012 0.8546431908122929 -0.9206166552476738 -0.37642282437060737 0.23604866987329443 0.871557091785558 0.18715576714838478 -0.05485335335143149 -0.711237210024998 -0.31360376034504256 0.48542560247181443 0.6519453347554145 -0.9852028473277594 -0.6160333461376046 -0.47109522759988653 -0.9282430224138392 -0.061348034600836154 -0.23742619999755088 0.5755399081864216 0.0076004801072862005 0.25516362637718526 -0.7035542950276372 0.08212949470983477 0.4869602773308024 -0.9973312467212689 -0.2963097658084666 0.2478153005002437 0.3160315573853012 0.8085689058684111 -0.10204004218615803 0.08614954802405927 -0.6357049685132643 0.7557524613474222 -0.2746160900662469 -0.12427158864930177 0.7270212209147933 0.3199959647022521 -0.2292307929893298 -0.41965261504914864 -0.71606997339414 -0.6360254167644637 -0.7861111657082651 0.10120719281148771 0.38812506257954227 0.09691732780587481 -0.6837014081661734 0.9277957041088376 0.5803705262371199 0.07050997330007602 -0.970532101739499 0.6086682027198376 -0.7469504748522555 0.0013558250222622803 -0.4283604806483754 -0.5449492833277416 -0.6498018806560704 0.003918438073555519
0.25138886815276984 -0.4432683479752082 -0.42169418072801834 -0.18946433693893816 -0.06157003460992194 -0.6921166683819289 0.9252490563270444 0.04170856845390647 0.4424074364667445 -0.31299061785319315 -0.8616475730829256 0.7020295539453167 -0.5669365183574737 0.8804611787396239 0.2046635445832483 -0.9177126790431969 99.06365087060736 0.02500960952493858 -0.563597742769613 0.595645392906385 -0.8015401857396542 -0.09083896260649604 0.8356898706837963 -0.33834455219219106 0.1900708628304275 -0.03278991019683941 0.9148683755445561 0.6201340514465392 0.07600193696960544 0.36583306470820953 0.6297581035197124 -0.8527587734133308 -0.8263284483589017 0.1403455895778285 -0.47752576676606506 0.08125191512862706 0.008095969036481021 0.25877248199925584 -0.33786359642320063 -0.612376974004732 -0.8372502288462589 0.34708543529319513 -0.09232701027544676 -0.8238810630618127 -0.12233872826393788 0.46164364893946663 -0.20629385148654378 -0.7469720012069434 -0.10319908221728968 0.8944730534310492 0.8735854382348105 0.7157942320922759 0.8056154904642825 0.3910649556760508 0.31631328699818306 -0.2643614275750228 0.01679650809809119 -0.9911657959242248 -0.2534286091694058 -0.46951821483273815 -0.2456207961393435 -0.9500864716160617 0.7423079205257523 -0.23031978684186694 0.7389860965189279 -0.029967832622753487 -0.3968454661766547 -0.7502331363007411 -0.9426377348483648 -0.7078701859232703 0.019674044728386297 0.6230905386225329 0.565893457008084 0.7233538518863414 -0.8160463917309893 -0.1859495880594777 0.9683371196714448 0.5631260783378891 0.7495913283909976 0.0740445260564282 -0.7487278113578597 -0.1867275397188628 -0.8685004835040042 0.7277377473521924 -0.21696085895530826 -0.7584389106834784 -0.9543992392027683 0.6178907063451935 -0.4328976112714904 -0.9326484054940118 -0.5382007700339377 0.472488331883145 0.22153446221562123 -0.052405242703818855 0.4632825108293719 0.37244272513974397 0.16247271489829274 0.04421212918636419 0.9346677168793429 -0.11121893631943536
0.41608612654915045 -0.8645082763933516 0.32124132681666895 -0.16846557214118696 -0.9590394384847865 0.6331456270627331 0.25062068020153094 -0.7796978453834429 -0.8283430182201856 0.9320958264646639 -0.4417922744851879 0.23757411488153868 0.9080435464206646 -0.8662297861136654 -0.757991441926112 0.6356910562016476 0.5728652975753528 100.05657800596103 0.7943559905287922 0.48688438334805073 0.43170456240815946 0.060915035482228985 -0.9588264494355321 0.6668468379227226 -0.9912458141553293 -0.2803863278221441 -0.005410293303232727 0.805020342962349 -0.4291836683578518 0.3061448314767756 -0.4940530156537193 -0.3414539524167828 0.6852927502897077 0.463594999885967 -0.6466677270744139 -0.8013236346624824 -0.768424516797594 -0.09619699431879969 -0.5276025134713467 -0.7011614362369554 0.6523798145706221 -0.11486638478987898 -0.6460775099938951 -0.819160218938076 -0.2807841929519004 -0.4388389386213074 0.25118001841779125 0.30491480116071346 0.3950884581498797 -0.13201421151103032 -0.6084234574488185 -0.8705140220544181 0.6319045047686915 -0.9886923092914643 -0.43563585612689715 0.3514718551069502 0.7432534817962122 -0.760516136497019 0.9191785381879398 0.2825382408601069 0.47949011361703153 0.19302757018596628 -0.5424038932388249 0.36078508659214914 0.06475063070805431 0.2621074905603513 0.3002460283751762 0.985988869364899 -0.26066071336075924 0.6269763652221727 -0.1611767573823495 -0.7756487006077184 -0.6839203676641987 -0.8382389967287491 0.90587764976863 0.19640943533961508 -0.16466392686180265 -0.6122939353251211 0.933138668241434 0.6219821533623502 -0.4719551822633088 0.514244364023895 -0.2711715141278952 -0.002533689028194175 0.5763776783722303 -0.8678959095424676 -0.38676611965753116 0.47574760947502526 0.057324650535952815 -0.9628282401767776 -0.9685431373090618 0.8609208750370845 -0.4427120394974746 0.40174285478705074 0.3692663953062767 0.7139387260257033 0.04480028877678022 0.46812697134790704 0.3369087443078367 -0.8071952239951894
-0.48360583032366034 0.05723424059757498 -0.6809685554961471 0.82408377573631 0.31203128033309846 -0.644257811956519 0.3235435500719459 -0.4588279492835876 -0.8271296327012119 -0.2537353929468109 0.37290648218039313 0.4414533344052318 0.8437183615144681 -0.7649803129244654 0.32967287729286565 -0.623325314494378 -0.43119185310904906 -0.5046928067731351 100.4082616018696 0.0645966485871663 0.49465187941903443 -0.9932343866536304 -0.45755534133489184 0.38469971722143814 0.5219118665177724 -0.220331269996332 -0.3312648817357857 0.8250710388862186 0.5529222331683947 -0.3558317708924885 -0.9356206246142471 0.09283492955667483 -0.5784435439698705 0.1413098919075435 -0.12105727844713554 0.09970826950159073 0.9967420004287402 -0.7364464838112343 -0.7662250078794854 0.4081264761907737 -0.8365244676752714 0.6748931342053759 0.3229117240287367 0.40237730083365575 0.21115559430676423 0.11114022727126405 0.9614732442822422 0.8348868249791592 0.09332750068150308 0.8630694536941035 -0.5932267179843287 -0.942716830875374 -0.4903142018056572 0.18465036108129018 -0.08965699836985785 -0.9501283557689266 0.8992148274360197 0.5931504595518329 -0.3091422707107756 -0.9647051738501369 -0.6554057755734979 -0.22828866859228847 0.43852714448099195 -0.571164000932292 -0.4541812394909155 -0.5174520329763352 0.8753488029525311 0.3905090425907025 -0.25874807680210843 -0.6191935777678255 -0.5844738262041951 -0.6193911046096896 -0.702142935675641 -0.32046866872795654 -0.07366491856377877 0.04957277565808571 -0.8465753492568506 -0.7471884180669182 -0.7601145612917797 -0.9995420624756046 -0.6908638446748634 -0.7540852538635747 0.509210176441985 0.48799413477595555 -0.37996671795233516 0.47541698837008495 0.525385996820912 -0.5111718192882264 -0.2127610521383252 -0.7131173663109183 0.4731140229321804 -0.6730717159738344 0.29051169887397243 -0.29741454899137754 -0.6910432475647705 0.12088290388273837 -0.08194125452318257 0.7550385526856747 0.47741268680786786 0.5249013125670265
-0.19951133603829785 0.891304749487887 0.146202362557456 0.2210714465047121 0.21403916628524033 0.20316797175005052 -0.530101117273545 0.39796396500337305 0.09135513140742657 0.3943721857035536 -0.6694472259260718 0.33336917093058394 -0.24200846656648922 0.48681276733763634 0.42062653940130224 -0.6565216172740445 -0.28548057824164985 0.6478285233140255 0.16711095043861457 99.46025587645414 -0.5204873582880911 0.4434107115984165 -0.8978764074394303 0.20522327946518026 0.44568723640251884 0.9406278634285505 0.3790084807788434 -0.8613572658349846 -0.06279622965316456 -0.7517841132636558 -0.6190736589746715 -0.5136725211330102 -0.7612764994353067 0.06461692532205565 -0.9583725968660213 0.6247841438259014 0.806952959917212 -0.846673440414468 0.8188646764585008 -0.5209242810501327 0.5895609137889033 0.13663701353964486 0.9935283423768777 -0.43757340223228014 0.5200872827212082 -0.3325838597468658 -0.33241101268222417 -0.4303679443180386 0.2674125298462078 0.8113572946440364 0.5375518580769059 -0.07139429490931226 0.6718001960771212 -0.34132208094930183 -0.38421247540666537 -0.09657401587409353 0.5610911959561113 0.4804139619168386 -0.0640783471036317 0.9073098641308743 -0.7610360510648475 -0.38894606111240915 -0.5820544925473088 -0.022212468056404866 0.1680102467512652 -0.5894806881124597 0.13939938473797042 0.044895584166324554 -0.4180762429849374 0.22086253363406705 -0.6950667354127023 -0.2529500854584652 0.539043366774121 -0.7918315965912572 -0.771817093036751 -0.24627026951991637 0.07229686308873107 -0.4773392586821201 0.39830738298871915 0.9254567750511922 -0.030426225323886724 0.7494648205821106 0.907845323666677 0.6743205385167432 -0.7656380364813984 0.758163553968985 -0.28998257297006913 0.833231117920848 0.7352767898326562 -0.42034226459753987 -0.23935013546339778 -0.0696295986044293 0.7845818528002804 -0.9729379507839369 0.5411699193719028 -0.6144771750232572 -0.3272667470325785 -0.3953913057291296 0.4895668877742354 0.8277913559547323
0.9159413968001437 -0.36513802042391985 0.7945243201400827 -0.21195789766935813 0.518465332860758 -0.9466342292363477 -0.9934749147185404 0.9091347338060609 0.6057675314846647 0.42472817244803673 0.8683629037717115 0.0352300602817317 -0.32365529459773335 -0.29927893198050826 -0.9729688725818642 -0.15739948998558106 0.26273812504325855 0.2722071561296586 -0.06639627975603957 0.5401768651429573 99.87652126913562 0.1130058851615181 0.40892778673242214 0.6352970524601755 -0.12523686575423243 -0.7319458332702842 0.4490504818051346 0.1669545884685506 0.8223883127689717 -0.502569221853084 -0.709256799179365 0.911139877495835 -0.7959639790087842 0.1559207760982535 -0.661039601877579 -0.9633967765568527 -0.9652881198248509 0.08051157027787914 -0.13425896116238767 0.8494253877686384 0.7309653874857138 -0.17173777827427505 0.39053721506533634 0.11597639102643775 -0.15494315276179726 0.2440039811636463 0.3978745292985524 0.344051788646752 0.09953418175438111 -0.6933129594774738 -0.06684502913546564 0.21201972237346345 -0.5822870063533165 0.3989640076474954 -0.8282749995269312 -0.931459371918498 0.8813224475850217 0.9335513379202116 -0.3035444390307158 0.7271126507617465 0.7654066926996166 0.597511073783656 0.09511609624026884 -0.6853067964712221 0.6445626254855112 0.9588646520156434 0.7226868205105195 -0.7022450611086821 -0.3964396544694526 -0.8560673724153467 0.26274561358597537 0.6445812929239019 -0.7192395353004524 0.9055390558215071 0.7993908414031434 0.934350525048252 0.1714313811352206 -0.6533183687706674 0.349609387288218 -0.1709973763439656 -0.7430294755134861 -0.7697927523978574 0.3680248086267899 -0.6958388232329817 -0.3112908791947999 0.5659802914341714 -0.9360451963946377 0.9478978269328102 0.8749986344014251 -0.3810974267792355 -0.12525320243290405 0.12001347462138101 0.44600690744117544 0.3576265094444304 0.9620452449050616 -0.4871214625754332 -0.16909460815824984 -0.5717652710295138 -0.33276836450649805 0.3822684906009952
-0.46472059478044114 0.4098762793230779 0.45719602362704537 -0.5033322703673153 -0.5487843058047104 -0.982838559054932 0.2092852928312876 -0.08531629881474312 -0.7068261635133004 -0.38885226948408946 -0.2106989307415872 -0.5295130116984168 0.45909130742785886 0.8322928695393201 -0.22419089522953617 -0.7688618280492054 -0.7332365217114605 -0.3684909550584192 0.49263883269594033 -0.6163586778733021 0.713799677207529 99.23371902115122 0.6575621324629375 -0.13488831476452523 -0.17175471498067907 -0.5546457697124043 0.11183729874128745 -0.763177150058562 -0.45008239645055226 -0.7187288023676692 -0.9788270488826536 0.9891401450060013 -0.5106312579911607 -0.7360723088334651 -0.039119837920752465 -0.48689917648077996 -0.5472161053587306 -0.464462752757715 -0.23557352642256757 -0.2384207737016535 0.8350823655570812 0.8406424258710941 -0.42591274919498634 0.7631800249851353 0.545341296969289 -0.26041739174209 -0.35833009197206045 -0.8359526978064136 -0.8390541597646286 -0.06371072307908698 0.9528821372079064 0.3326525651236134 0.7038035984101882 0.6005236779183929 0.8130597202921905 -0.43080226800859434 0.7431834803268438 -0.5295040233235846 -0.9835766357806379 -0.894551489107017 -0.6716761752869231 -0.6557901172780252 -0.6442737252183095 -0.08539043688641712 0.2584075821317189 -0.4643074087885424 0.38411078352958605 -0.11625221794144913 0.4828675438134722 0.36541453162685933 -0.3467565164738571 0.061614164713437614 -0.23042020276119946 -0.06592748622305544 -0.8202157178903029 0.5684425979928991 -0.04320666633157644 0.48517725286020297 0.1924530203862771 -0.8679494487037829 0.1722091276975073 -0.26857147191226116 -0.4254062809395056 0.964562815430758 0.9006233325558128 -0.734059399198032 0.9149702180889108 0.2527792936697122 -0.671270278733731 0.3859978347787216 -0.7976545391350611 0.7569778646162746 -0.9044654286504918 -0.06300739562863122 -0.40145089682888857 0.5455334269423202 -0.0899281839985202 -0.28979367188235594 0.70622001208722 0.574275048053275
-0.13784077328066657 0.49171434905334754 0.14887701294906508 -0.40869131168612327 -0.6533510324797842 0.6011293171802572 0.7320075539180917 -0.9052807997133294 -0.056195616128570824 -0.4392191693607572 -0.43431119326242906 0.16580739523167698 -0.6944148764885087 -0.8315390766045869 -0.513580545103143 0.07010489427499622 -0.9348664583555142 -0.011832151704597171 -0.2694714364604611 -0.5858597569852375 0.731136564108658 -0.34993959188767976 100.00768103413716 0.7992097097342741 -0.045617658627664204 0.5268649934819603 0.6814940830457796 0.23040906753511625 0.16295391992828767 -0.006312694927318452 -0.6992751877422596 0.7466549334291408 0.05163432009614244 0.2692264536255127 0.15893700354521245 0.7757629257718333 -0.07972739454681199 0.7288388257861131 0.7066313095661554 0.24743647598378438 -0.7559352817872436 -0.020018774772523784 -0.3144509493936247 -0.6514813772387305 -0.9441894768307546 -0.2724339362654671 0.31421952581988455 0.2587787902255867 0.8420955900552789 0.0004092746690844695 0.31395204708249635 -0.4978501179790218 0.734682312397342 -0.9366015159735479 0.49232158339204335 -0.41792262393562085 0.38464494206589483 -0.6876113882264678 0.31831886400452425 -0.30089961021382616 0.379064039138872 0.08398445454395231 -0.6542704096129623 -0.21700282881635524 -0.23491384947693272 -0.4662035209015849 0.9360025302813775 -0.3301169459463942 0.9278673249868612 -0.3139676992963496 -0.02917714068459132 0.5787781817538362 0.0515555538381538 0.021351566735628547 0.3389112723847312 0.6908044567850684 0.36753748130671116 -0.8019563225560522 0.3215479996453694 0.8983822091177924 0.03468389167049546 0.6076384429621977 -0.7113853274293138 0.3568916388441765 -0.7306569119818778 -0.7199401124417717 -0.11260751979759998 -0.15816038470106863 -0.9980969081095352 -0.5037855593359843 -0.18253316353105653 -0.1419266323299515 0.2916779232246727 -0.09502797237739391 -0.6307967977841322 -0.3203293169126531 0.12273108089809504 -0.08199690344619759 0.05520173559405217 0.5572850664266311
0.4141421978632289 -0.7482607800931951 0.9020633324628535 0.38230373101468373 0.5779875983689284 -0.5455472219999846 0.639785853872681 0.29165490875485545 -0.08092526560014623 0.39656664518208307 -0.3089972191030439 -0.3797003975040478 -0.43281294778663404 -0.2912931851334859 -0.9398324185913798 0.33768391286848165 -0.48440504025306397 0.9886625573023757 0.9001254466607014 -0.47261520841360216 -0.2672980560676139 0.537164352574734 0.8466820111376461 100.13233793355175 -0.5009151988076028 -0.749188582832425 -0.9620747021250258 -0.5973661118295981 -0.9137796611577103 -0.768949237894883 0.295396931072198 0.09786138111129206 0.35426567906136364 0.49815506762554507 0.8478560568728255 -0.36540724025992466 -0.0798230341199051 0.9006551372922029 -0.14770686286841683 -0.6531804961667727 0.07538298267873622 0.08411004725879612 -0.21311309998238626 -0.5103264204090554 0.32820669426794336 0.5871590988937863 -0.15120111589743623 -0.016049399236391038 -0.6030176110445695 0.007639827058640636 -0.28508725466827944 -0.583280019073166 0.11287751071030039 -0.7581565403268917 0.4539746350177045 -0.5767812985972969 -0.0075179323076870475 0.6436949889183428 0.12287047043672006 0.20614864098557595 -0.4942844203035952 -0.32932637881273186 -0.7172232499790343 -0.7323726027240944 0.3005538613238252 0.04789988910793053 -0.9323036454249318 -0.22898839419482808 0.6919224834790685 -0.6996958274615457 0.6975671136214809 0.8911804922857256 -0.10211258839689252 0.4148653748735669 -0.02731586075119985 -0.8207225385915988 -0.861559417944328 -0.6622263701046147 0.8167979924832873 0.013703004873232505 0.271879087344016 0.5045129965471382 -0.022951734695751513 0.5700762468703398 0.7560911398993786 -0.06071449893151892 0.17923532555498478 -0.8139347229187979 -0.15039373252530153 0.0815537161349762 0.7490157235776751 0.7641696283504837 -0.28302012486887795 -0.34711416790920846 0.1588287197114715 0.44235439858751535 0.7033559016673807 0.8229800564282981 0.8162636916722412 0.20904368795679162
-0.8662509299468824 0.7974557937349316 0.8430076069638339 -0.5751016694394402 0.7872690085199288 0.35872957209168943 0.6105381996618766 -0.43387910457569845 -0.20869263089084455 -0.5133283864498086 0.27416467414987267 0.2570617403560489 -0.007290428806206339 0.2514881440663701 -0.17422879546592518 -0.6527249347296311 0.8569172041578723 -0.3473451537570962 -0.6436766630530031 -0.13002940390749784 0.9591986477203722 0.35743009916204294 0.21133233669449902 -0.8666233173068176 100.59088016604795 -0.9365520336877133 0.5878217430419739 -0.8755400861209999 0.8092578948506042 -0.5357768352448053 0.19015369517020209 0.05877385675127367 0.31929708439861826 -0.9436332898428794 0.13960588343244673 -0.31422003034650037 -0.7571879053500985 -0.9209893748459947 -0.8719061504497774 0.5811898010419156 0.1524295254550938 0.5633206369216719 -0.9142933706436212 0.3204423178503475 0.08362727419149407 0.3014202087108715 -0.46725832236058373 0.5238156924415782 0.3398245714463035 -0.7133076363640787 0.30357334092574706 0.42356481202345875 0.26934091773891056 -0.15592309985123132 0.823213899608334 -0.7501154885849142 -0.033295068681751916 -0.09859806985259789 -0.3454874367295617 -0.12097568986551144 -0.9366696296195247 0.5686674370414684 0.5967231821789789 -0.9289681451196892 0.6581871028879354 0.520232628475126 0.9682906959867834 -0.9347041850760978 0.6060358739448193 -0.4048863684438493 0.8685483263583773 -0.8869156084518071 0.7551528279492181 -0.5900427390734031 0.32736679139731484 -0.055230674418209835 -0.855966050357315 0.9431003762533219 -0.06720734825866526 0.7478741154963029 -0.026451629906561802 0.10363536692484177 -0.45446877537394914 0.25203411470659765 -0.07121910150422872 -0.8186654441975305 0.9877547509604176 0.07182191759601975 -0.389108984184825 0.6487698273273106 -0.4439147373752004 0.8667341674558315 0.22259056609469807 0.9564527354546826 0.172199476126069 -0.7662967410929371 0.06627307036961305 -0.8481530432673203 0.5907510819567803 -0.39054306827261964
0.6633648751069794 0.9935839287283592 0.6559012194213814 -0.7775447427104547 0.6556724672627827 -0.7889943228688645 -0.4440704283075372 0.4629156752844379 0.5365244654273735 -0.206269264502422 0.957923925262179 0.005176964565455799 -0.9684534621057039 -0.5108010428954091 -0.04638468503029114 0.84168704012282 0.06590493350192039 0.9319250099992034 0.3163420274707607 0.467333883275191 0.007191216133637157 0.46074934274925616 -0.38177403063811854 0.02890570184139074 0.01743609597956164 99.35188512683 0.7965395670656292 0.9203910848519439 -0.9197342912343407 -0.252934284028109 -0.8256395253324338 -0.2826997642308666 0.555733983832448 -0.6000640400012873 -0.14071133838903793 -0.46514087425677175 -0.8548689877534124 -0.13344486722843651 0.4131106976090335 -0.07085364164553543 0.9421096432490226 0.6708709255261598 0.7614292209881528 -0.49862766265653113 -0.6683531773973515 0.3712391756539255 -0.8569800427241272 0.1341802358214239 0.655169823285187 0.8471784516249434 -0.7344871478914867 -0.13886850349141922 -0.3814327531677175 0.651803048610756 -0.7889799302748584 0.9737367435621582 -0.10327752520707345 -0.93995275651347 0.6974339443314876 0.5388804659866437 -0.450221751580854 0.3638987742882316 0.7502113304187121 0.046013418052246235 0.022849618916387593 -0.7710466838065295 0.10985911663154013 0.9514900670547508 -0.8167460004458473 -0.031987591544445415 -0.7596450426723584 0.5876490029118475 0.4608424035829992 0.35451629364139836 0.7305312861786106 0.7199410567199827 -0.6628094974301344 0.9187530151456735 0.9094816036076865 0.6847657238829392 0.8644057463318173 -0.7044930782244432 -0.9386621153481742 0.2652446342285333 0.23325674058563606 0.10745889190296753 0.12919180599462088 -0.23928465185343195 0.6379130940618736 -0.970804082204886 0.6283105019326121 0.6864263006441873 0.9230043274866171 0.5460650227890829 0.9003733985818576 0.42423741093634315 -0.3174810809762294 -0.7840470268961204 0.369731997622176 0.4793167428716565
0.7916151134547724 0.6082142437159828 -0.9761428450331966 -0.06510858708889056 -0.6118242343185816 0.8753357491390823 -0.3650518162703329 -0.5983830585782512 0.48915457723747413 0.653959573980905 -0.004808555109374835 0.8677255383128195 0.2736333169026437 -0.06922525821069292 -0.5469537651778615 -0.8284254880492468 0.1248545859819914 0.8919948559640358 0.6281476884727888 -0.9225783487744739 0.02013518452470886 -0.4663506222876055 0.3991192659419911 0.1303151197418595 0.6713152217290466 -0.8234223656872541 100.70083937744793 0.27200496605556945 -0.4418563082343121 0.7093615158773257 -0.15116272243061357 0.9840192175978195 -0.1010931419715948 0.7676370272718733 -0.9790371829002318 0.35311639868365985 -0.03383612644969358 0.8129103601956311 0.31107266386611876 0.6086408423678553 0.7891965637988181 -0.9933292796776958 0.5431990939980635 -0.9258981091850305 0.4014508549893667 -0.02686641950176183 0.8250510279370804 0.10114361332669897 0.7931122248942675 -0.9655059755631039 -0.9011813487103015 0.43111924880670904 -0.48168355200943713 -0.2189934616580147 0.19914720867522595 0.2616483611636178 0.5667965111923476 -0.8360944315102565 0.7234849306912221 -0.31929764019449025 -0.45728087324861466 -0.7719722303276371 -0.4372299930863588 0.3698202559323578 0.0988843150369525 0.49145109632205064 -0.15878748913075635 -0.7364021086624097 0.023737292517990616 -0.6560942200943982 0.03336955242665374 -0.610961252098478 0.21570151458836873 0.38692958087293605 0.06522280602877295 0.7160015807458495 -0.4064235825221354 -0.6258213346786143 0.5475752469362622 -0.36097846525643607 0.6749558204604993 0.572230157541628 0.8588877197147897 -0.7171237832616726 -0.7382361850811616 -0.8153543693111909 0.2654667429035136 0.12918932325312515 0.8848303735848699 0.7851529793864445 0.7396785546525928 0.8382930060049087 0.20236139165078382 0.8873070071687628 0.57277914457538 -0.8872589333299987 0.6388446748300132 -0.9655028294135739 -0.09590198285286511 0.5276495387274109
0.1998598796399531 0.6605910878751631 0.4460656699282053 0.40906735600532396 -0.49777437520793977 -0.25385585210641404 -0.5822743906248244 -0.35924399471747503 -0.5601027954726949 0.07942066987614971 0.582064040538862 0.06676697443589497 -0.5889370581598412 0.3822804121151657 0.16614611789843625 0.2269807026599715 0.893191345332778 -0.08247038147751984 -0.9957628881965319 0.18866269721795637 -0.9666388549236877 -0.19986087318350854 0.4976454005857829 0.4232145500139106 0.044689376790871815 0.5301206287551548 0.5993252076268789 99.71019766992129 0.7188041492603767 0.41396218066878787 0.694370041144599 -0.4072080845572028 -0.9914566631490136 0.4118634498887306 -0.004185628746548931 -0.28694589623166955 0.7088300002591328 0.09882773349121332 -0.6032873727028671 0.5087220088878577 -0.6787993642940244 -0.05955745405918256 -0.4273292892785292 0.6213745016279899 0.6928857302585356 -0.13102197965706952 -0.5753829214083752 -0.8461540488438315 0.3595068395989438 -0.9994894132634613 -0.14341450421399915 0.031178666218278916 -0.27972486253756035 -0.1038646859367438 0.5725455082550392 0.13502322921604493 -0.1471096276649475 -0.6312364012817253 0.30860315244770176 -0.3636220053448056 -0.7025949944917449 0.002454668189814768 0.4183325868967016 0.9634317335907581 -0.8920796762626846 0.12917114141589425 -0.33804524064497765 -0.12206857573887375 -0.07067037313354452 -0.6782717706335335 0.4366603298146994 -0.20994540481754775 0.8544267554831309 0.7935719581139684 0.72586396916362 -0.41683520218163195 0.5541605617894785 -0.14265411258338334 -0.08649350624095153 0.530087240305122 -0.4109761498428628 -0.23633188991461296 -0.9561513499303123 0.697444683909112 -0.0007410175687192488 -0.3231308219685116 -0.6247064338895938 0.42128966332442697 -0.9695288540381923 0.38766696065323525 -0.31677167458573274 0.0496404970014499 0.5692984643293988 0.3071978375258375 -0.4755942691574011 0.07197822303320978 -0.7350874111266397 0.9533952226734352 0.12829520840176056 0.76713549840318
0.2959236586287799 0.5605183418004092 -0.7355153682932138 -0.9197709092895847 -0.32822129165019365 0.4423272549208028 0.829332221333628 -0.3047677355789349 0.8689606944241182 -0.548870094127812 -0.47721423641061245 0.24914457786917144 -0.2427819837279157 -0.5179296987633637 -0.017616332490565156 -0.9873023925862174 -0.9393088284973219 0.48297664479936686 -0.10866119074032698 -0.07270354795820433 -0.9790085006065621 -0.8587389666561354 -0.2855788282483378 -0.4704416456650353 -0.04632412400867891 -0.829947150929897 0.30897712128046817 0.7146607021956348 100.2167523256614 0.6479408773499056 0.4329918618105446 0.6084508686922259 0.7708583224253818 -0.9337042873685002 -0.1596474225581037 -0.12422400527097666 -0.0181252654663413 -0.6318643276879958 -0.4307599189112903 -0.06612145592089513 0.06953524864565197 -0.27546324416897483 -0.018604393849561696 -0.8670738235549063 -0.3395961343057343 0.15947297911436187 0.26589620504108913 -0.044352148575726114 0.11117401269503757 0.15915275538525142 -0.9772773137351594 -0.9461393995702261 0.05389990619582763 0.13063238021553536 0.529060765668854 0.2987061980558088 -0.7530767057222927 -0.9039699919715707 -0.37860340797591663 -0.9755937533274415 0.6091333656782132 -0.31337503813029155 0.873644626518141 -0.5515518339017291 0.8212563513796916 -0.09421294071454334 -0.4908443539593408 -0.49097467511191817 0.9552935583312405 -0.8528457483132568 -0.13271193069998088 -0.6276193137825152 -0.9296598276813508 -0.7494937201547354 -0.27456051414287375 -0.8173182684716949 -0.8688337826839954 0.4349348545857872 0.5010853668441209 -0.08664835823592187 0.11089032137148225 0.6343399891599086 -0.8944518675360169 -0.34540924885276847 0.16881229607645043 -0.7402658233983579 0.016561507409218246 -0.8080887264674119 -0.9498743120517801 -0.20755773490149654 -0.09631831876625929 0.7079666412901251 0.991406812277938 -0.4831702532791846 0.437437881583568 -0.5511024970816041 0.74169244185602 0.352658040771197 0.6780848368214041 0.6626061603860232
-0.13812066582818816 -0.43963572735524425 -0.11113452218738074 -0.5306429896237561 0.5561800357463988 0.3799023580213057 0.8360741680000539 -0.36564942620478114 -0.03665540629944397 -0.7053549486243891 -0.970511845708709 0.19304048305194987 -0.9990905789987308 0.8250084651661242 0.3311717651005044 0.615529839833153 0.9367106660844224 -0.9311220583223077 0.859412591924261 0.39914796948374875 0.4239984364892684 0.7893125791337394 -0.6230675223097029 -0.3875437481334294 0.46979450230003117 -0.21449257195814986 -0.9312057857110603 -0.2448447766286057 0.9456663707790427 99.14778119932498 0.7448926496522816 -0.28871361180229216 -0.672918275886522 -0.32566230030813914 -0.7853490812372144 -0.6313858634020104 0.6318154023237754 0.6694546968468147 0.41938026503083736 0.9923478540287056 0.8894686755678916 0.044481733454645234 -0.16472382271543795 -0.9525759426291178 0.8272027285884893 0.9001685708715337 -0.6018172350413604 0.7975260413666843 0.40715021097983395 -0.9548031995745461 -0.8645180344454029 0.4834578843418704 0.5191414447963301 0.10381586107978702 -0.29066745225875956 -0.7832768808822299 0.9250581186047204 0.6013451328135713 0.2584820947142361 0.6506071119436707 -0.8718951230646448 -0.06652128277200342 -0.33964065359947315 0.6555554622086537 0.45410829464334723 0.7909437987706134 -0.160305762022936 0.41790886648083725 0.7538771701407116 -0.9412674867572302 -0.5238464455683034 0.746222327947337 -0.1828635756755086 0.0859431008258833 -0.6450133794745943 0.25545936533270486 0.5976787127710397 -0.07772435117248855 0.09071206300689982 -0.9669857718067787 -0.7576632040546651 -0.531849132522844 0.6011044253458873 -0.10159202892390651 -0.00604880987126899 0.10199795374030995 -0.8118523978784382 0.9930665068940727 -0.5497765143109226 -0.9413518506428407 -0.8252744264159746 0.45187648242993417 -0.9032950928664765 0.88644853223086 -0.7356625458729653 0.6406809880905158 0.9507246132420062 0.7934827027397218 0.8180561119681171 0.9479543783775268
0.8936851598100684 -0.520544969507152 0.476937190597418 -0.7172271382656936 0.049142735411142 -0.9838335688981239 0.16106038747469653 0.03247637754851529 -0.3398198104105761 -0.3594716019049542 0.44375377164608865 -0.6331829928790136 -0.5982547649956103 0.03352576891407977 -0.9388969579938544 0.4987557435068768 -0.25346318245425725 0.0873548103905386 -0.30192838653548826 -0.36796957582683953 0.6960407598211495 0.3258379010010757 0.6788383531751552 0.7637852831452296 0.724503149164305 0.5879234817609227 0.053985013682342986 -0.509476615454153 0.9347362035216606 -0.34375237738349873 99.96892053826575 -0.16797650835100275 0.857548682846708 0.7046176498553403 -0.9363755844832635 0.005433779578348785 -0.6065019452756688 0.4314482807858804 -0.2558849735723989 -0.10379681586626188 -0.6053620802445008 0.277194668085071 0.15387473052065626 -0.4808898433237283 -0.14429996407428258 0.3526529431646399 0.43986740385422785 -0.5471604217749813 0.5736603066569121 -0.8202106878911593 -0.8603108625129332 0.1519018870101334 -0.5853607363487683 -0.3560756497919595 -0.6352132480462891 -0.29449116369767947 -0.5992872524843043 0.8219755549243117 -0.2684329227564446 0.3760493664416138 0.9210009692140806 -0.43602141261518623 0.9029313773859102 -0.1825276654395649 0.11413755905663514 -0.9259172638565267 0.6107920804793501 -0.36471840969573655 0.06680452961777306 0.7459661345183657 0.2475818004040362 -0.5969220610493102 -0.7005951412028306 -0.14028710442135428 -0.4701704662706023 -0.5046707527108749 -0.08359519237472779 0.4600885405366151 0.8172616385250653 0.2616290763876854 0.9793625728654305 0.925570081070572 -0.7543756986625418 -0.9840575351855572 0.7752463054597023 -0.40213066399792097 -0.6815454821119782 0.07224578217606736 -0.6397341836003931 -0.3044933106187495 -0.6728357477154587 0.7265558788985464 0.8242224966691196 0.4768478419410578 0.356953506385399 -0.10441427049747176 -0.8968370533879089 0.23496189650726174 -0.13673687445912108 -0.3024815503110405
-0.17287621443359558 0.6976513204736658 -0.061589907691712575 -0.13730361976412397 -0.02162356453216918 -0.4241068175788727 -0.17050598685299412 -0.7494478694771001 0.320347118727238 -0.7783839843037976 -0.16724482849066424 0.7985309647229866 -0.5871340523578348 0.5899147270705665 -0.5823028846360241 -0.762057427008672 0.14017052174797695 0.024460832645791353 0.8727980785531275 0.3606500403122732 -0.03624433755017975 0.5056161716505638 0.9230924568761254 0.7538483738085182 0.5149941496994668 0.24100646378570367 0.8283727077577927 0.49883003779977564 0.3814837383117158 -0.7339191224007859 -0.5497262444328004 99.3156021841162 0.7723940454271221 -0.6387617190138524 0.8507675169682476 0.048773168094070396 0.5326102810704927 0.44935291646807607 -0.13820050151776941 0.8174151866652442 -0.44842949000538423 0.869741357500005 0.4160627827703207 0.2649157565574214 -0.2753127707754668 0.8323794867184215 0.5096893464363184 0.8661519561065927 -0.6352953526712455 0.6978666882167093 -0.751963075025949 -0.3062403869508259 0.024521616837246185 -0.7266412950066992 0.04500740595866337 0.0594738387842233 0.3564785756694415 0.5629646609171968 -0.5948038773743198 -0.856935769403913 0.9459933483498726 0.8459243025373762 -0.5127728360384982 0.5521954473007347 0.003585128665621884 -0.5233353266533658 -0.2586429543717301 0.10707099023684785 0.8365307206026584 -0.8767995385999461 -0.8043660120204998 -0.9052398140031852 -0.8753549504572193 0.8813277158931769 -0.2597878050388436 -0.7182305332938745 -0.6269880256512028 -0.7299390581312106 0.5345210707280363 -0.3376160245996598 -0.27210118854495247 -0.6560333504259217 0.3560387224208832 -0.3780094390048403 0.9284102093405249 -0.7843782848268928 -0.2980864927624267 -0.3747468463350412 0.1685196539877516 -0.5925876543406392 -0.9915688841072459 0.7392579399898271 0.3133709688625892 0.7173928334264905 -0.0221201624339189 -0.8454640358334022 -0.5331357718878771 0.47360907918717454 -0.31580840515579167 0.5310218273830543
-0.17308241870460206 -0.5931441346029909 0.14529171503824023 0.19096732866919375 -0.6492266426337885 -0.6819160641740212 0.9320633222924739 0.7240151184974641 -0.19452345172795016 0.09916440262415338 0.14377561659443905 -0.4270001162205135 -0.6852847898292125 -0.5690937432675891 -0.17513144766947075 -0.09848041862915613 0.3622343682027822 -0.8288374350667418 0.4136130660044255 -0.472947359442643 0.4709003569349912 0.376125359728974 -0.5572543704838715 0.20063603119944862 -0.5399697180122383 -0.917043950076535 -0.7547348422499687 0.2344789698549099 0.4874632348465553 -0.7367015930593506 -0.8040654531262748 0.9185012326750837 100.41790420985944 -0.9368414084658021 0.783158765014732 -0.47595835157997324 0.2070270096972333 0.0489185068525162 -0.8719709193420195 0.31834601786564654 0.12209914604285355 0.14834906157313066 -0.32004052553322637 0.9126004923429294 -0.9795178806092797 0.8294477629201191 -0.4959534573466913 0.6664393659977701 0.1359349954447553 0.756230353966628 -0.6136666726156164 -0.14458744185975458 -0.9128279358717664 -0.020081629157440828 -0.25806516417983505 0.31838723004375136 0.781673670906256 -0.9512282149084983 -0.8224846364227598 0.3940322044243756 -0.7130169767979131 0.8632125738290026 -0.756634283491854 0.8229456987567276 -0.6936876414591511 -0.7882741525320547 0.8114285636217751 -0.6038556508749697 0.9329806688430782 -0.3011232543847415 -0.11540384424632077 -0.944926901668194 0.21902135858683947 0.0698038121690947 -0.522039580553145 -0.479816924452382 0.0005406839935997443 -0.12107961272195644 0.6952575169299187 0.5028900942448593 0.09230903592431594 -0.3888461299361399 0.02519218575926474 -0.35615025585980353 0.5117778023825379 -0.06583064586887688 -0.2684170757156499 -0.6388638477474882 0.9952690895326741 -0.4696176964247447 0.8198363255884431 0.7511668524087256 -0.5406003680625262 0.8971767246638205 -0.8077398482548004 0.998314971131105 0.7919534131613644 0.45993226046480684 -0.007409076503568146 0.04059087333526157
0.4980303130169026 -0.30254817487573393 0.6964834418425339 -0.44898489751149695 0.010500790179748032 0.5622803252097386 -0.4765427937732336 -0.7063318480134948 -0.8005400036983461 -0.8042637854809926 0.7864316306354302 0.27871003772368685 0.6721775046143224 0.06856905470035635 -0.7237111693799683 -0.2630054736207259 -0.20684526456058272 0.9427742203721308 0.9499139380111934 0.34399265708996873 -0.3895281075025778 0.32162314342356924 0.09270147371060466 -0.1989616186970904 0.4281818215170079 -0.5737293869314402 0.9017380024158166 0.7699092861870667 0.5005881775169359 0.3774851023426702 0.49026293431460255 -0.0348109926373672 -0.6152162421416891 100.63929661846436 0.25650118366518404 0.40927202424477716 -0.840102565382882 0.786280336355305 -0.5057415723964989 -0.08963693331238765 -0.7983391826480097 0.24067794233049966 -0.4309695143602297 0.8350758307687101 -0.40995469974369003 0.24362886433811237 0.2736108530801076 0.2637295821686121 -0.8255918126043034 -0.6740371312004059 0.3864428236416211 0.930691594677505 -0.6843760658826914 0.9982382994294101 -0.4429739038258933 0.15718230149345525 0.6863383334641318 -0.9546299040463491 -0.9106979953152439 0.11039709187771107 0.5502371558816803 0.2972700221352296 -0.19944359714882265 -0.35373688343123044 0.1828521177405682 -0.5870464504651325 0.5593524657559743 -0.36526140250494543 -0.5593650202978979 0.015601736577820269 -0.4184212407116954 -0.8248106472140202 0.39244898949281515 0.5730427906274036 -0.3727182059699776 -0.48362638787795165 -0.5654853085120632 0.5558406964562332 0.5311089837344749 -0.43621694732818095 0.8910587539584929 0.6724343306739096 0.11050270844115939 0.24368434967646402 -0.14513146050865333 -0.6148670894727573 -0.8343501684647185 -0.014154501064891356 0.815623865497964 -0.08875237328677477 0.002908554804586405 0.5550151965446051 -0.9072773385626709 -0.8570760312995096 0.09020824876026023 -0.11668760905683762 0.5060001672113468 0.05851454698046932 0.08731714498773879 0.6800700257587413
-0.40869852175379395 0.7661140694898858 -0.6461518785261515 0.7737331879750249 -0.05217162549827381 0.2746079727603714 -0.5374873404838134 -0.41604158471525365 -0.20319655009604953 -0.48047954484672983 -0.7808831259453266 -0.5260052639098318 -0.5075018651159537 -0.6050324758055663 0.5392090734845574 -0.11847544247770792 -0.13332344591803702 -0.0890353800140049 0.5370301956300993 -0.4080793546386088 -0.3351633584750735 0.9623700543831493 0.06579217506464174 -0.6468934372073967 -0.8887064358655836 0.8573086281907221 0.9217745380642588 0.6949536758050923 0.12993376302547155 -0.052734518924050455 -0.4490748456842557 -0.2904235484118485 -0.7701240364721407 -0.3308858728638111 100.36962654160968 -0.6931404630949602 0.3963756368148712 -0.6715553611856842 0.6777795584650856 0.45123626840118214 0.36081893019032973 0.23158700256200238 -0.6255102025138288 0.3130733302391826 -0.9941404471468704 0.6678326243439314 0.811428722314727 0.6959211560765994 0.38306170125253813 -0.16512182143094356 -0.35852029806965047 -0.6835327989748099 -0.49603538260498725 -0.6349842286770511 0.17449537255814596 -0.23997191403129858 -0.5434710941294818 0.3545269418370156 -0.903441460690781 0.12644921655117658 -0.7051666427244305 0.96413137353344 0.8106902721815346 0.4360104744787878 0.8368557527396221 -0.5222698025929995 0.03928197979924697 0.13066026091309757 0.7916227796480846 0.9275419667992677 -0.5728951119324774 -0.9661469935969165 -0.6183859648981616 -0.20083978649229683 0.8426545941408188 0.48615480009698175 -0.5049293053209896 -0.12314546074047739 0.6646502089896051 -0.8607274449924878 0.06359609139117728 -0.8850368129513033 0.8214798254743527 -0.6781815330795102 0.38167821918208156 -0.9969649759602064 -0.29762531126447 0.8647640728896804 0.9376079292668711 0.2625395905812351 -0.37830742872971523 0.8260499846891016 -0.1556492050068934 0.19206895456059914 -0.35226378302848693 -0.7185367680997345 0.8645708981554481 0.7256337574131382 -0.7017683722573607 0.23352773994933318
0.5570722304240459 0.16782633811721648 0.40770752712433667 -0.4521968903157232 0.2885086160233268 0.6789412648012265 -0.4660826393794377 -0.47646085230027224 -0.9214045130650967 0.23658140436113495 0.5683483536114251 0.07795324314984375 0.7866092206495654 0.9481155371552141 0.7387978592044147 -0.8790247887844851 -0.7636939101275051 -0.7516575349665362 0.379842434070238 0.9361344984158049 -0.27376783162603724 -0.4132566261586248 0.6256417547170063 -0.868934285658336 -0.26391641856548076 0.004122786802704725 -0.40867388501825297 -0.2825416070769826 -0.3173231931758589 -0.6624542458350742 0.11400072625297275 -0.6291623363688652 0.9956956506788002 0.03339518826552901 0.43507106921930894 100.52686729730394 0.4013809869627005 0.5135329303929146 -0.3456257246380843 0.694622334633743 0.7568247511520534 0.5837097796605413 -0.5122422743961752 0.7465686480652125 0.8976752390657525 -0.29101144534370316 0.16783243061472097 -0.6024479224348018 0.5293732198428616 0.8227828334421521 0.16558501936761694 -0.44952660041325565 -0.6648309754337454 -0.051774069091114594 -0.12258906092584043 0.9569073243835611 -0.11244266004372783 0.5861743873002667 0.8984386059518936 -0.9448445257638787 -0.5621968065033021 0.23712973659564818 0.052408009960746016 0.6449885907325208 -0.9083248614006194 0.9115676127809589 -0.7718668028785478 -0.5075021098610379 -0.357091054800613 0.8519880241086346 0.22812232404192323 -0.4006481181876076 0.8236591740953225 -0.04912959187269572 -0.7472534527823129 0.75352477939682 0.9191125160047271 -0.2413079311288997 -0.14000994074657203 0.9722737468236804 0.9983581464169684 -0.15686681531605307 0.20354564735896052 -0.8486727107034417 0.7452176969679387 0.06469435268790003 0.4272661651662224 -0.4895909629223154 0.6776006155478809 -0.5205162219730075 0.8058718371333362 -0.21629317780567314 -0.34576042479984515 -0.3289551782751974 0.7246918612965232 0.16322948807264215 0.5223300406362925 0.44951085731139573 0.1916517410869163 -0.6639389307046579
0.4532529955961786 0.8879893940206312 0.9178878831009678 0.058279019048988356 -0.4434298174957927 -0.9535316771516127 0.023876932353624314 0.873055059979204 0.5694057291318124 -0.33225952629968125 -0.604652130768516 -0.9790824996096588 -0.9250127659387744 -0.48244331909832394 -0.23343661794199377 -0.21297112525818274 0.8569323350811309 -0.8985813635852176 -0.6818713187034877 0.7014903192325128 -0.8980578767985332 -0.47519585603729286 0.5690076404761368 0.45066154067596287 0.06059519396644841 -0.45488667401904337 0.4149677361546189 -0.4157935042850096 -0.23456349634036067 -0.743589933542502 0.9171974389336386 -0.08769921307600193 -0.2143933855886324 -0.44944035475606126 -0.814632858541243 0.5520737507400371 100.46898273929673 0.6668993643124546 0.8374825804454151 0.8084318048371137 -0.3142460929596209 -0.3209188051756531 -0.5775492357447809 -0.2651844240019905 -0.6447610018122936 0.7289426481861614 0.5826747536381105 -0.22313080084289005 0.3892500661858733 -0.1084671530384369 -0.1994915705585505 0.46993843172641103 0.009914716700834436 0.7234669921849846 0.8042783453260158 -0.24414444229510335 0.9979902649169632 -0.586600687201547 0.08589414136710083 -0.45972132288306655 -0.5678428865347949 0.6453825494251522 0.7454809561823441 -0.6593227636609631 0.3670302154357714 -0.5355732944179716 0.8449125183122441 -0.48528094982811365 -0.30977192986331503 0.18183968994143385 -0.5932001261465869 0.7399005004536279 -0.09997176043412082 -0.33622604078147367 -0.5343817410187839 0.7516194065240276 -0.5944205091905397 -0.9744640420046919 -0.8827610429325603 -0.7013057341125162 -0.20605916868470064 0.9574408044767311 -0.9855171270996466 -0.1310464203987165 -0.9302281855132948 0.7887333204072493 0.7327887819163179 -0.22802462210715713 0.07740825522422012 0.047933602209527804 -0.9442845156696922 0.31693542254104234 -0.7324998825775306 -0.1283220626700179 0.33751440952097056 -0.4055288789590932 0.3416578313865515 0.8364714053787703 0.44019571835635496 0.17596958454970535
0.9818426468936836 0.5376827673555464 -0.5397129578263313 0.23049853006755372 -0.09753913960147487 0.815779096420479 -0.6424292575603436 0.09143724674133491 0.9694929808806882 0.003243568478015879 0.8771795739425379 -0.5750593881350865 0.9577645559398142 0.673886610739667 0.48396877064023935 0.19095106582410537 -0.9772089834465727 -0.6904833736397982 0.7434916756485812 0.5313142983795087 -0.8726184468447988 -0.9699078290706054 -0.4287216442280246 0.046283458901879904 -0.7810877362658359 -0.36080769702254534 0.492043368319665 -0.11355240443983483 -0.7573908868428818 0.8954157229333524 0.8599789006815945 0.4146509955359958 0.03063906821336193 0.9745702753272414 0.11933688580734647 -0.8860228982057883 0.04549599112554592 99.09304233777839 -0.9969142791767382 0.5539172763805715 -0.28656485697124423 0.07055057442274104 -0.1195105874363942 -0.9728676294218426 -0.2955706463465564 0.568233483216632 0.7814195234490271 0.0893582598781697 0.4735644578945022 -0.5381414142256911 0.8876297491619722 -0.08599455236018883 -0.609411140297585 0.7123600799150536 -0.2325279036959247 0.7063977313479683 0.7563950120134502 -0.19272442839855053 0.8019677373996166 0.1998465870628401 0.12981529889468768 -0.9394206435349002 -0.9141365746091219 -0.32863202588045026 0.0642658365827129 0.59095823166468 -0.2275242877997854 0.0037626995102357785 -0.29967756603481965 0.9817770050230807 -0.14472200814025982 -0.2915626742970343 0.6433631001419782 0.25668906131591274 0.573234993976484 0.2630353183019374 0.7663100079545742 -0.27017390508594485 -0.9146555464245645 -0.37497390940846365 0.06787964400779312 0.7492055026928486 -0.43110906687364525 0.19707845747675123 -0.6982063996150645 0.10265720065982187 0.6150052977759448 0.3207190160885014 -0.12842929122958013 -0.7781519008715636 0.6128780062515911 0.5124044113965003 -0.4248953355367793 -0.7195631375916884 -0.8982120390180781 0.8581232981485152 0.00015091631942731887 -0.8029353305065114 -0.9127342770175462 0.6449593711675872
-0.2113873824071495 -0.09091294555568785 -0.67156580473052 0.23783291295142428 0.8658501955649038 -0.7316801372533921 0.3278398076090612 -0.13595223787569743 -0.07069925580784897 -0.060166998559445295 -0.49611995454894453 0.9305683728405514 -0.6584209474828158 -0.9863568439781243 -0.3827283862271662 -0.3764638387609933 -0.30804923334209366 0.7121843037979059 0.2269537011286391 0.7533997216545267 -0.6345438165443398 0.04866385595529965 -0.7502602912700143 -0.4346733777807035 0.18401885058916512 0.7324980052059011 0.4243733949374837 0.3058682299643274 0.8187260184031355 -0.11033315274089261 -0.09185328295242123 -0.20380175591058158 -0.0802268218433595 0.8582286335165641 0.47113341714150736 -0.3978879991680513 0.6760570075394134 0.641004498986431 99.3904361217423 -0.044700576194118824 0.4495257239009254 0.7708829723713335 -0.37216607180766625 0.06600842613758329 -0.3695777618035374 -0.24318528402876916 0.005428711196144631 0.8861715526812037 -0.05300902567393018 -0.2943821879633177 -0.9768682507225779 -0.2517039387371338 0.9590913009127009 0.4139378184554785 -0.02679408507831238 -0.39005444498325703 -0.5517526309889189 0.6483342262475094 0.8087182696416872 -0.6635700359479242 -0.7308412506375921 0.017247588190905994 -0.8984195377067414 -0.7442658287131703 -0.3122617192473027 0.4510990170589211 -0.43298126409323356 0.6758410432237107 0.9883811755558753 0.6382161693759634 0.5853316519074794 0.57963795133891 0.9667659718736421 0.7516642888767682 -0.3849434311674891 0.2052125154522546 0.8387887797119635 -0.5185165697275125 0.7988909458882856 -0.19557556532973663 0.40061217962292006 -0.41585450755909403 0.0014578846562089964 0.25463957009694527 -0.38253220606051586 0.022640962442891155 -0.052595080049538945 -0.005905413754615507 0.04360431047134017 0.8716849571732317 -0.13731707389425463 0.5515733547459936 -0.6950562258513511 -0.6808869890459386 -0.5374858714740571 0.748975432629722 -0.2844545668441587 -0.8163837048080176 -0.8515023574106875 0.799512745454275
0.6239358945089135 -0.7571580579155337 -0.5941888942676912 0.1504390138649132 -0.6650458686503637 -0.8767571215913192 -0.3991474827102408 0.04001777149486685 -0.3297670968220028 0.9789617123530276 -0.5980381224524789 -0.8454362331121654 -0.04058407623916849 0.2095210060172239 0.7559703645993532 0.9349481635215573 0.964313130535239 -0.6731702295862765 -0.8643855012680703 0.9829530316408182 -0.9756948818648428 -0.6765892111324692 -0.09439438432354263 -0.48871472007691374 -0.8447086786537559 0.9810115405462616 0.23410936937440163 0.7317826126229228 0.15510510369282948 -0.19649257803852738 -0.09761415521819039 0.8978910707802146 -0.005708948622494825 0.8947341799721871 -0.26517832926023543 -0.016919368367461107 0.44703577429665264 -0.17364170285640967 0.2716515923386096 99.27419093722575 0.9502640715190589 -0.5300315235555257 -0.6687826197893043 -0.8248249487083401 0.5589418144275846 -0.9923252770459889 -0.6908899942266111 -0.8035684161913181 0.6693106760831977 0.7247857805230238 0.8644340930693954 -0.5752707802062347 -0.9566872601789629 -0.7280112956388154 -0.9035302386381614 -0.37100396382162004 -0.07828382340669804 -0.2956166928568229 -0.8967142495048097 -0.26078396405925486 -0.3989805073786945 -0.24393066723185353 0.162621868767431 0.7908267990195841 -0.581498962096755 0.5314281195092261 -0.501645357800887 0.575731424917848 -0.6924825448454215 -0.7873358203183698 0.6988605267563863 -0.8846206794972131 0.9717284381045652 -0.6955936065939625 -0.8223534621852162 -0.11265805796832429 -0.9700105774917163 0.5571343708251901 -0.21232303077576575 -0.690651763354772 0.29363227991334195 -0.5602457198695188 -0.7997280186051374 0.689927050759005 -0.9891529734884883 -0.25457896656820944 0.7398895365384053 -0.2974311290639231 -0.9941519106688601 -0.8937395861931738 -0.9298894782437217 -0.7841312679107533 -0.554225015314306 -0.819956417596073 0.8488060133035809 -0.5520291320392874 -0.5889236251206855 0.3405436697104953 0.14701289427563102 0.2902808206200984
0.9619621529662836 0.5410948191185636 -0.691898919752165 0.046147178608963335 -0.6762930428792866 -0.020211129225051527 -0.42285653574833826 0.282083704058945 -0.8359048657727974 0.9482140223361204 -0.6422301503583894 0.5261004557115458 -0.3847869607744192 -0.9219188851948132 0.46892320870097204 -0.9894292234249871 -0.6481926109907661 -0.5287094114373891 -0.1389007390116055 -0.29018422415042733 0.07117890089013845 -0.9292770825263195 -0.025758524918944037 -0.7479103506181815 0.48147113397843655 0.7205290471674826 0.1744133908695349 0.8021446903646816 -0.9519507384871524 -0.3394681725387021 -0.8152272248817893 -0.8683776974315809 -0.908961450981401 -0.19905696274024498 0.11055067713419331 0.9443018894798283 -0.8679465542552756 0.5723152817980481 -0.4390706912965434 -0.35260480397555205 100.4133672521702 0.5035836776736289 0.5943131872285365 -0.7310914723966684 0.5633295504003695 0.11443029431952101 0.5429023197081908 0.9515546073115784 0.7541758356016137 -0.5960733787283325 -0.19594256718933134 0.19214650038683856 0.7807423336310488 0.6375393749900309 -0.3374977159666337 -0.43444058767561544 0.6645459135733527 0.9626071360196713 -0.1924871528770402 0.26013288544244784 0.7345243024270809 0.05941971033911608 0.7594664624025786 0.4224121175956199 -0.5984580047623358 0.7390639342733822 0.5632049662034129 0.6607692535361422 0.9477685604892985 0.8707587047865262 0.6209259702819854 0.4402025244032812 -0.8737634266859278 -0.3035774360525403 -0.8595628507857849 -0.6701997285392658 0.9109084188404066 -0.5811069068495431 -0.8068602500274982 -0.2449562119725459 0.7448563435374533 0.47218813931622305 0.4822177476044427 0.4754031438184507 0.22520295066744023 -0.9398245128227323 0.12558819317025294 -0.45380978148774 0.9219106418929581 0.927695406321247 0.13548396755192194 0.2036231189988582 -0.024978382242462516 -0.6956462277632116 -0.886817167012091 0.8317332125945149 -0.4106331313674929 0.35029514435696063 0.7441721798323404 -0.9915294234870902
-0.49766502481255315 0.6749726304753569 0.22493903721137154 -0.8669744441964493 0.015215448559716238 0.9496179502513422 -0.22840253727147486 0.4770096353134903 -0.9642604898822964 -0.9017739099284177 0.5722483725531979 -0.6291781626235875 -0.9097222585478952 0.4854753165409702 -0.12229163666713672 0.7933575776589503 -0.2617239546128023 0.2586979927047648 -0.8010354900234697 -0.835947212561807 0.8955751771733187 0.3816986558919502 0.7304594410691858 0.07600695400786095 -0.27248652513292626 -0.8128632895366505 0.622206553349778 0.3034753620058601 -0.544225919095884 -0.892370404408589 0.3000577342066093 0.3919046727402402 0.6277876920409695 -0.2919368240123441 0.6744023200020155 -0.47275415667097187 -0.03532267448597115 -0.227779591206279 0.296069422802109 -0.39508274521463527 0.660642509197914 99.99807436442896 -0.9438070235692533 0.843011496575055 -0.15865940576845228 -0.8148415698688438 0.44598006296556125 -0.8915909713471426 -0.9414873494257918 -0.31158087311896 0.4844376495072462 -0.026383258400751286 -0.6885875306355167 0.6246839096323427 -0.359188205009525 0.9508825436628017 -0.3904867794372966 -0.8056580656851258 0.3309420031869472 -0.8642362550925882 -0.8698626119201505 0.23641833105092513 0.9296913775300566 -0.4195949626941151 0.17259203053393057 0.9223658906330259 0.3777384452889756 -0.8525015293456706 0.9169498552218398 0.7060649167607129 -0.5637716634371543 -0.9290936251706936 0.15334281099191793 -0.2713738288407723 -0.6764041114934753 0.5301002785120601 0.6281822219199347 0.7543056482845545 -0.5098810961683924 0.2296360335871841 0.9718347365592339 -0.06780218897853163 -0.16429926275865236 -0.296291017985314 -0.12448140769727445 0.19313868478938945 0.7708127114690375 -0.44845924960296624 0.3943483987833458 0.2772159270463759 0.38599721927771213 -0.20512905323892627 0.6916099993840137 -0.2295746758856967 0.13501678513488868 -0.30273892699643024 -0.5210780812410962 0.9362542116925368 0.9966664335645217 0.5760455773370383
0.10216658225449415 0.060567448347990105 -0.20964054944895416 0.34926894867801894 0.2844699534615269 -0.3139051276812155 0.2927843164018309 0.350691558720305 0.7364757949784151 0.6161212298238097 0.17650846089902505 -0.8453948330585581 -0.9085132467718768 0.19640575939765847 0.9560414460704807 -0.7585862649670525 -0.192312890731843 0.2420500275580466 -0.9729777110607583 -0.14811331585284027 -0.2692537800129451 0.3881958147613722 0.3584047723895831 0.5808953191568542 0.7464320604707251 -0.3198331267607788 -0.7627296128640004 0.36052353945551174 -0.14957281996809768 -0.12453246886050162 0.5655973446415641 0.9224405416504426 -0.14158445501052297 -0.5920738251626125 -0.3341545817120648 -0.35124597470890695 0.02351412670683639 -0.9231630117507539 0.11706031534080985 -0.3334845803415174 -0.6642148685116938 -0.9278300983453485 100.03276379367293 -0.06777669593385816 -0.6564564281160279 0.7794640681364837 -0.5851930357931328 -0.8210863296595483 -0.34032706820682623 0.3835972423614922 -0.32493771729007914 0.4432979909394148 -0.6454962157863788 0.955828386483653 0.15720184481514887 0.6009350301715082 -0.427797378621007 0.5531726782210638 0.1045412617942314 -0.23800610097480468 0.10047216429696837 -0.7050366333125726 -0.009326588154759952 -0.2294735804635617 0.7866333428591687 -0.5621905469167414 0.5145458522775945 -0.6085627308222499 -0.7366045246832611 -0.45768668415972 -0.8566937780820685 -0.13041933016956464 0.5875941661359703 0.005930206344096023 -0.8061426707291348 0.3740043974545664 0.041643725195423364 -0.3419525114596409 -0.7546135665946996 -0.27978591123860186 0.7280550407585114 0.379099312988018 0.1948172976344822 -0.40035191655741387 -0.6703115191015097 0.6464646467648427 -0.5752731713466399 0.4183376000857444 0.9033768729123648 0.0682285315090263 -0.2461804911116996 0.46934740242804196 -0.23338396775004755 0.03393642034464017 -0.5584907488432651 -0.12329565382423735 0.969296244893388 -0.8741917645494248 0.38060988651928107 -0.30621957737496364
-0.1908811453030772 0.30937546575568686 -0.983791661236133 0.24395925326678158 0.5847999606154117 0.47832768543256066 -0.4769009589863471 0.23588269884757174 0.26715740061736337 0.009254781697166425 -0.7491708192266531 -0.13994139027917174 -0.908067599960489 0.643431142039212 0.10454490155260254 0.435544427943366 0.13783689236666796 0.012198153878127505 0.5010374626555618 0.6642042960198957 0.46478244715521577 -0.21704678160442614 -0.9851513811966965 0.7375602767507574 -0.2417457877771032 -0.5702419829772958 -0.5782092193521631 -0.9175043782299452 0.36333467973294975 -0.2686057517190654 -0.19686248434499776 0.48885609734906543 0.2847169170399815 0.61247476749576 -0.7943766310862064 0.11419357258363694 0.11586525178449603 -0.8092502651193971 0.7640577295430995 -0.4809383418815578 -0.7173157541812762 -0.6386088408739319 0.8831388050299833 100.6178418840102 -0.5487988295565589 -0.5586521797523252 0.835264399541378 -0.1682653252229933 -0.7280126286092616 -0.47590309432837796 -0.12144639540752733 -0.7880918882183938 0.6624759816882115 -0.19980693143276262 0.16840580261878646 0.32991382844990347 -0.20501807894180968 -0.12478072187231382 0.011933045255126284 -0.3722206458347652 -0.002563811944640282 0.567795436611547 0.38248048965285597 -0.02272146384651763 0.4903038673296962 0.9049350299231205 -0.721864374187047 0.9705843342176312 -0.14719247572029825 -0.003013849697218518 -0.5006584691094376 -0.5321053496014936 0.042388628776066195 0.023184098178106627 0.6652049390500565 -0.8579203513265135 0.19311722434950318 0.8300156253418516 -0.9346863511719363 -0.9976382989774659 -0.0922042471761717 0.7878517501937743 -0.6700187256246675 0.6316913850250432 0.7023886051588628 -0.7719028177239815 -0.7914915974357406 0.9360131802109695 -0.35672298506591393 0.47402632866753325 -0.7773370558781116 -0.12234287016249623 -0.7764410960138539 -0.9401805216858734 -0.35315239404459486 0.9565123596863163 0.6139226286136186 0.798767849389771 -0.12659524782507048 -0.2866571377313356
-0.6784300298982999 -0.005500954615962561 0.9205924362694378 -0.22261842590742886 -0.3580072893368491 0.4380681425447137 0.16188159518005518 -0.9458641044818596 -0.2956654814489894 0.10411393051476425 -0.16698008134281728 0.5208787336246534 -0.45466249782125945 0.29980660103668155 0.7705020584945763 0.07937821570378278 0.3502377825667844 0.6819945366502316 0.79897514637064 -0.11273468354123484 -0.051398441730655886 -0.9287213728439416 0.9624987674726968 -0.38520490184528855 0.405382159276954 -0.5328155238915555 -0.35802675014696117 -0.31272337020601504 0.8236311987815437 0.22676790274066705 0.2896273606006625 -0.43759422817372773 0.10599057977577675 0.03970022741708901 -0.16233825733421448 -0.6827369908716634 -0.8218012909873715 0.32915120132475373 -0.021551983346096648 0.6889682639634067 -0.296592251536103 -0.24179700640056834 0.48014317350961977 0.7454750294633865 100.88793398583017 0.11922557816123347 0.3764812335068479 0.5155641299402283 -0.6877723565819691 -0.6970381945964375 -0.8092190374876054 -0.7146864550935419 -0.3092344499346533 0.2789865161860019 0.19618344070248495 0.5370863723653865 0.23255626883426084 -0.7748479363606982 0.12842113812522582 -0.45438951814922834 -0.30565728997122177 -0.9202631889005168 0.647290149354816 0.3449814919423546 -0.4448069951185223 0.39368408103839014 -0.7140566295616027 -0.4330225950082065 -0.8458073130131198 0.32649879945714155 0.7096840360835184 0.5960184733656728 0.0973053762174696 0.4708012355666624 -0.9599095460964511 0.9498027381188965 0.7697919870291696 -0.5288197140650785 0.7845794732946496 -0.5019774072198162 0.9193162664756815 -0.6430191415205555 0.05513747654236223 -0.7308265790750235 0.47325154359892796 0.9750585284460342 0.6067123621590294 -0.953009392959133 -0.9847755007227053 -0.5602752169170795 0.818954479524062 -0.6751519830554555 0.9088998098506582 0.4620172837503942 0.04844669689755943 -0.4693501142317613 -0.7890245790560544 -0.8654298729083245 -0.27225604715157314 0.3536626070497928
-0.14329040085039102 -0.2975676528802895 0.257328673198969 -0.24478291595069068 -0.913920421405592 0.936356681317291 0.9666014544165009 -0.47059597657293506 -0.38972356696500876 0.7411248934861139 -0.11897084880044906 0.9221313851249562 0.9359762689429814 0.9213597676871461 -0.09651686091694733 -0.963937748565151 0.9140023830421795 0.34848540725958155 0.7302432762925335 0.9900128456766542 -0.14905341189873345 -0.10366524065101412 0.3432686743539266 0.6169550014611607 0.6244971492344435 0.0004184496966526119 0.8398547078860847 0.4497343529029647 0.45626982946464256 -0.4285815160830009 -0.26606752917700316 0.9459668275921007 0.8895105628262043 0.9880550234121961 -0.1427466222813505 0.5767479927286854 -0.4516962651274312 -0.21081448027339578 -0.9718338220163987 -0.4336601049765316 -0.5402400791866355 0.24551610238356214 -0.03725274087530339 0.5403129404551241 -0.09597277301081131 100.6578174331402 0.2030043679541722 0.21078620291220518 0.9712390818463881 0.6101431021782113 -0.22389836166095112 -0.07990266268870072 0.2867193499132441 -0.24895711461427172 -0.22342989309059713 -0.6005603761466702 -0.06257881421724165 0.3676804829536304 0.2528454475712143 -0.4154164689868076 0.6573129042603252 -0.6286613803498764 0.19759522092793502 -0.15294525409753223 0.8119625396509726 0.023992800679254245 -0.7625550132063863 0.24570671480185213 -0.5930240901921737 0.4069154135616986 -0.5151012074051198 -0.8675827379224439 0.6368445229871438 0.460512697672939 -0.8156671497052701 0.959186360743848 -0.960458554276727 0.7202003066204867 0.04530401883288304 0.12869841893144174 -0.18172632063368677 -0.450937394263492 0.042448886133035435 -0.60128296327173 -0.8284661134431561 -0.6378844848606637 -0.37206566186342527 0.45700910587667165 0.058158179378746455 0.4824094396097447 0.7716969419899566 0.747764416219292 0.9117129973217994 -0.38339346582788547 0.17203296372907784 -0.31930811138903237 0.7015379195013058 -0.535682969004331 -0.3937719654886118 0.24561577657827183
0.5483534588387995 0.689486539317913 -0.08900858620603636 -0.44963549467525565 0.2995453815172693 -0.5362971988587386 0.06600577058430668 -0.5714605679479972 0.21137862141836972 -0.3260442572959026 -0.770224254628042 -0.1600920596248363 0.541389595346139 -0.7397644496175546 0.941959795202358 0.7485915391438971 -0.5087241325317955 0.5383069204428876 0.3880431956752073 0.4847017851540252 0.9353836068114971 0.7309574424995318 -0.17503666770874937 -0.9515361186976341 -0.7070978543453774 0.39199754683653243 0.7376147224236316 -0.27559140716368713 -0.7408491259371013 0.06382913659896405 0.2406713661447515 -0.7098154515446746 -0.871371571863679 -0.9694299823476842 -0.40754074702742527 -0.3256096413723184 -0.30311329595033576 -0.8591663901940567 0.17203981489854936 -0.26139033339560025 0.9285294020480561 -0.6718884949189612 -0.09278372677291435 -0.16725978420506138 -0.02079873681488631 -0.3925679538058666 100.25422991395645 -0.08786145546235846 -0.3823184231400336 0.9064683957415989 -0.7364147508284116 0.9064191950009097 0.5231478342514844 -0.3609760566243041 -0.034680556702459064 -0.7924860206968414 0.298169647311499 0.1717511773878213 -0.8250789462523718 0.022899158618137294 -0.725755530576248 0.33285332161703773 0.8221702431378186 -0.8594134135536342 0.9078361628216771 0.7285054759355849 0.9867291871257888 0.31016452242975245 0.6051205086776308 0.36184516220771923 0.25795118944657625 -0.478010883942074 0.5779481276922822 0.4546305579236498 0.3459197364525388 -0.7498515159697128 0.8939284931846931 0.14141141070390573 -0.7176514326911636 -0.4492738259108555 -0.23509854935537744 -0.16360318756748193 -0.5679467597946661 0.9785618802398706 0.2038495932127098 0.417298225139898 -0.2381674107918994 -0.00023433910244485823 -0.2489860619693598 0.4668643331455211 -0.7353976179286761 -0.4850754255436609 -0.13734064058755835 0.7220413692266778 -0.7682855657083982 0.18022422892814283 -0.2248049190409851 -0.8801660427378515 0.6758467579289957 0.21693831255249507
-0.8408095492894148 -0.4772993006972883 -0.8604794238359295 -0.2874922200320289 0.10632877694137388 -0.40819849274147857 0.8255191784182869 -0.9220333208707285 -0.03263285872177568 -0.5391886189619388 -0.6491559561016733 -0.3349687915859798 0.9142333428255505 -0.3883798933108449 -0.4839853295905241 -0.26773457948758517 0.3493218285431612 0.17425933996656529 -0.575207872544018 0.18862502284989158 -0.6013778613852985 -0.09508520861734904 -0.5809491062635532 0.47470826162456436 -0.07650066667255162 0.3166012772116531 0.32755079372596674 -0.7704671134068355 0.5011813683419029 -0.41532227196928195 0.9427795305948772 0.5152684575026627 0.8053100080989328 -0.0021535336904587865 0.8833359468025952 0.7764429329351328 -0.0970685824956643 0.22864690321001224 -0.7023343481360036 -0.8106970174184815 0.48947523377405355 0.4986901856647925 -0.593960876508121 0.045349509593007875 -0.4168586554761249 -0.6981717030738794 0.31325005426952157 99.69352172361825 -0.5512984560577288 0.1931808965139301 -0.5542669464113754 0.10056825724730989 0.25986021383761093 -0.9657539474082826 0.9533780541614136 -0.350822968849011 0.644284476208695 -0.4829224797620846 0.9337088862170941 -0.5374764322427281 -0.6327527895355745 0.7693168069931764 -0.6586029773131217 0.35248004949743916 -0.05468250371755112 0.33541876766925394 -0.23478093286102664 0.04172772851179207 0.4545553098934072 0.9554532264122488 0.058659292650669714 0.9406820009718944 0.7074148150725568 -0.927713487831624 -0.3921228545822282 -0.9756472261674789 -0.6273509467316909 0.9245119809718951 -0.49251198535297247 -0.8389969231746812 0.03654728628745474 -0.23351602737708577 -0.727234217571568 -0.7074890243148872 -0.9626273335477586 -0.10115022655506545 0.6829037377646869 -0.01984433289867482 -0.889959325232079 0.14573491282529538 0.3607903079501369 0.9808673382246711 -0.8510205341993795 0.01603403395650682 0.22510563425276708 -0.4130277752068541 0.9907121205576848 0.22501076318108582 -0.3006428827789409 0.06621730949606897
0.8972268111121755 0.8066580040994924 0.45030723224215974 -0.5801932970044936 -0.6079348837692999 0.6718598142737806 -0.21231071092990428 -0.93984025730863 0.3395976115244852 0.32071832925036503 -0.6466578265305358 -0.7953156255320553 0.3135010828414866 0.7556474325157869 -0.5628619800923687 0.2354599014329395 0.9945158754858634 0.69112998322435 0.5227899740200861 -0.6891641351486624 -0.8978963421991653 -0.322548863590429 0.4124799660607268 -0.8245885269350084 -0.9785899319349514 -0.198703009514555 0.4484240285317176 0.5906986301602561 0.8911800902562201 -0.5351751207166591 -0.9556036638979466 0.2995975309801646 0.5401500474080454 -0.1866775140947936 -0.5614717914479852 0.7848682634459365 0.8573987969091854 -0.2803055678278801 -0.8982714791992064 0.5067993801373121 -0.9318625661241995 0.590482872629533 0.08704022226429942 -0.12250020910777026 -0.9019001293923627 -0.06216348018161266 0.8720968173217694 -0.5881005251516638 99.0807365179995 0.8134506095399101 0.31887084364097484 0.24466773234418615 0.6450703443968213 0.4935355282811895 0.9195747665311802 -0.29179476798009807 -0.08974866225639011 0.059433462946462345 -0.425138744998768 -0.24528407428358667 -0.46339846939669127 0.6630976923717524 -0.3902291456026701 -0.2752660803605491 0.3445053177730619 -0.21956711384778016 0.8152454028005136 0.38894725720193657 0.17864981058919738 -0.21581363295086597 -0.6761457635668011 -0.8770448093185135 -0.21562399090674322 0.8161108861967441 -0.06445802072912543 -0.6038138912126392 -0.4671802813543655 0.03566084127601776 -0.6260235905519329 0.4373209715564732 -0.8561611867015608 -0.5693466941930954 -0.5702097260470833 -0.3240953935693378 0.08083230776459938 0.5396160463969923 0.15489128682774722 -0.08941051215509832 0.5230013393398467 -0.05215232721586527 0.9605018533390965 0.8677705324513236 0.48096621421136065 -0.8623148881467815 0.04785830242923761 -0.03744014110606386 0.6456055249352259 -0.3948216130418485 -0.4202011889256163 0.8641072401144707
-0.4219115408053462 -0.04878752609219217 0.8809161832631365 -0.9461384172460539 -0.32806658070462213 -0.9347352043022423 0.8741305971263877 -0.6212672753793786 -0.15403490707735012 -0.9867233111026996 -0.611858009310793 -0.9118460916565296 -0.1652952088849018 -0.3183600421245578 0.2681364388711345 -0.23971908687192167 0.8646894172125423 -0.7401443217318944 -0.2635688724752834 -0.4014988606568495 0.941889950108628 0.5498354785197939 0.8519209021839478 0.47450100321208466 -0.011532165776696024 0.06443555628076236 -0.8627238176314542 0.2695647131653538 -0.23759532731783128 0.8392276608553297 -0.6044492892157087 -0.9698243918305922 0.4426752063897228 -0.9665639450623609 -0.2140718929645189 0.9635504093780518 0.45778696319647794 -0.19950069623700495 0.8569543624694991 0.3513093304373802 -0.6871299713751435 0.6169459028724824 0.049202197726859076 0.9294553745399232 -0.12853548876211995 0.6599655684184869 -0.49534882310818995 -0.48950892389411105 -0.7381005053308078 100.8904074159889 0.6864453325634257 -0.01204495540210293 -0.23458774655929582 0.8535069291527764 -0.9240441173182972 -0.5862521437377499 0.8619746329045677 -0.8398683028107174 -0.5706014592597541 0.6551143070350014 -0.5577933478789061 -0.9330857552389589 0.6761201148749263 0.6362030508722907 0.41253042972465837 -0.45763330944159963 -0.25107553829763085 0.510105639047228 0.5164364640480199 -0.11715824215447901 0.5298103257715825 -0.03260826602021516 0.270732150286479 0.8094407975819677 0.5366904554599652 -0.6286218161085422 -0.9474184327820416 -0.9473388825072224 0.24338779650269005 -0.3120693276453388 0.39213104973843205 0.6795742113008907 -0.2566321644988727 0.26505441022646536 -0.5127336929331778 0.6472423623112888 0.0357820890713616 -0.3170778528690936 0.8277908089949275 -0.7151533884689947 -0.19935908986559725 0.7758218550230549 -0.2793917691486232 0.4064963824945118 -0.8096284675794394 0.5791081509011382 0.9405658819003162 -0.9348874070935191 0.706410783944107 -0.4749763626669561
0.09247323704191057 -0.5753728658619102 -0.7820592083491438 -0.2701303577575134 -0.15641019988888472 0.39084631622857957 -0.6580364351500829 0.06319825530400247 -0.6356582842491019 0.6670855027000218 -0.008942354190994317 -0.830068704723602 -0.6924540655487683 0.38574882762069596 -0.4313892068944123 0.7352479745235485 -0.031707677709369664 0.6205937901173155 0.20310827391186237 0.1285393258421237 0.7485106289128989 0.06767950635741449 0.8733572245121952 -0.839453286549483 0.3718264903854356 -0.8889631379192577 -0.44660547443332743 0.8324274442181849 0.01840204958350089 0.7471546680405081 0.6763819589962652 -0.9500317532219011 -0.9079944103709896 -0.29302868404253624 -0.5772016031586231 0.1592272099576253 -0.387902338394841 0.7801473798861303 -0.5305141287226103 -0.646771163247597 0.43874949175612965 0.2931350982754084 0.5771101591882823 -0.8852359141520705 -0.6855776423690818 -0.2656046724403289 0.793311819351664 0.04192252314958389 0.17323913845104832 -0.16437434354033909 99.12857989587144 -0.9151487914254859 0.17171912871358863 -0.6030506617769269 -0.38780002057003515 0.6955299701326847 -0.03157522277063318 0.6088777660245108 -0.11002979085856435 -0.625220862452222 -0.7104400423752455 0.18675163951582974 0.2307851516897339 0.1348030117018293 -0.350653293313546 0.1596395939495845 0.9150140524377988 -0.1704162999686787 0.28244214634866904 0.01316278122154535 0.11254930367341687 0.6469110608784367 -0.8211960396044671 -0.7800415369044817 0.39076945045461264 -0.9546863970532313 0.05630020984092199 -0.9951015122666282 -0.9791738999819961 -0.9264662746939987 0.05336960455494166 0.10464153074092919 -0.9098737586880261 0.8201414834447687 0.8538511366981192 0.7350233458562629 0.5985775909467979 -0.03840012967513107 0.5764888107176191 0.9705475509018757 -0.30565960970708783 -0.47656183058533985 0.45633393145491996 -0.35026162332793076 -0.1396816612362326 0.4314993215149172 0.2257860457294829 -0.9481617351042946 0.8625109953422865 0.7053719884874698
0.5181932893342982 0.6132555555974946 0.17207672514415528 -0.7380083675715561 0.23027592566922128 0.37836858775410054 0.6951114508643295 -0.8932125040255297 0.9260400695128881 -0.8678450779143685 -0.9384482339471885 0.7552439045070358 0.536517084939601 -0.9510132520939003 -0.4098712064633099 -0.9092434192903582 -0.778165018766505 -0.13814598733978656 0.8251378936066365 0.177866365818508 -0.9796044380482856 -0.45301931494984715 0.6306426089078168 -0.9069293250868677 -0.4880756190066302 0.17271055954954018 -0.6472305713824433 -0.8289566340865715 0.5579781630039586 0.3274070765368522 -0.9902108337617752 0.6517387620223094 0.7195264506265742 -0.5345672130903099 -0.47809453692362824 -0.6341370688919719 0.678062032867522 -0.4012006546625482 0.9483015844946596 0.9630199915933768 0.8641525235397733 -0.3235389790089851 0.9390684688644875 0.5176415072859466 -0.3342394923867291 0.30702981023537923 -0.20682796715618368 0.05924736117855911 0.8554270970263047 -0.5750491344706412 -0.9602445676548568 100.78065176217918 0.9479348000828425 0.6675555695319177 0.39635647562001086 -0.15240523970507636 -0.1545552225120581 0.72366551973208 0.1744156219256503 -0.8876076783067957 0.3713409898646409 0.7900161912459884 -0.026493972090641638 0.5153754963933563 0.08631043630289925 0.594793379675816 -0.8935861611111886 -0.5859225374617978 0.0390783598869513 0.7078023608633726 -0.12042202817636682 -0.2322442956726769 0.10184681729186407 -0.987290047388051 -0.5590082730229617 0.07955212836539705 -0.355256491666041 -0.21578261461172632 -0.6356147400498358 -0.1043922020801904 -0.10743633469824987 0.2545486228628391 0.5467114378592992 -0.29517459421402004 -0.32575282632709834 -0.04570139006834384 0.38385091154441686 0.6230961780788176 0.5541318064824852 -0.9771004888573016 -0.9103927916312591 0.6707278335035567 0.17284504128119949 -0.3500965789765125 -0.43590403047018667 -0.39422878411373175 -0.8271965230380041 -0.43253632349289783 0.9923241776281078 -0.4862488015379052
-0.16974306173097942 0.035099759639753314 -0.06482441578078135 0.042041142834033485 -0.9906269275263413 0.7682542742355201 0.6272944780979182 0.9633392751889369 0.378385324196161 0.9228146058348519 0.15621465562282477 -0.7017192492684867 0.8510961869662446 -0.1537999978195268 -0.35819672824060755 -0.7414734316841491 0.4160102481497845 0.13330221802925224 0.8631140907829138 0.5858446779377267 0.3126971403111487 -0.8965947708851432 -0.7585976273410671 0.4370856937370573 -0.317905953317307 0.4733953789632539 -0.45748324551330866 -0.8991857897044904 -0.5410755492466619 -0.1267986714876317 -0.4753847115419416 -0.5461026061083163 -0.259789531278499 0.30147767538296644 0.6376639126651746 -0.8441261391662938 0.8702114029783603 0.020302108449980816 0.2983260683438389 0.5361329010977012 0.08175446557020494 0.13312850753938488 0.6825764941360091 0.6905764011342148 0.37045488232158186 -0.6367007460834693 0.6955558495709238 0.9053756592790916 0.4978350168134309 -0.26546319526284945 0.22337964328335325 0.9807880686680719 99.79412921698805 -0.551372057613337 -0.773860551461488 -0.9316103943385539 -0.8084782591412742 0.5309401907496261 -0.21469582578526358 -0.7573945314367638 0.5043124574374114 0.8062208126836092 0.931907176248504 -0.21489108349934694 0.1351917102903506 0.2537537412948623 0.5514982768675207 0.9949406564343559 -0.34349605603578914 0.08145288121014782 -0.952424492419121 -0.1554747565904273 0.31640217574204366 0.6656929156491 -0.06925382234290867 -0.4645486889004051 -0.23208088404995597 -0.2291430485189203 -0.5786706663139889 0.7066091643698567 -0.43800812303778613 0.16321158146765313 -0.8951249947517941 0.35081943011643957 -0.9043529037212976 -0.5122395703702514 0.7658406350249991 -0.9432088536049341 0.1625080582973364 0.5739138514797577 0.7830474209674212 0.22786787954872856 -0.5715713141658954 -0.7303088232738995 -0.7762777176228466 0.6799043797981252 -0.4738098776515365 -0.10927128045141021 0.656152279584419 -0.8236220214944927
0.6265982176114375 0.5909988117932179 0.957531080691097 -0.047869893040888734 0.4668249117184784 -0.2525176508515896 -0.26492508194869724 -0.28414882752500614 -0.6839285999437623 -0.5423613211810643 -0.4158916284383758 -0.09529819712430943 -0.30559539216030984 0.19647863559139123 0.8978133134410768 -0.9421250648232904 0.274834927560073 0.6736194760093563 -0.3191715754701685 -0.7621085906747262 -0.6062680710853574 0.582912404806222 0.6337784570721812 0.29349031407118487 0.052052614742358116 0.9216971837813339 -0.27522019827873456 -0.47601181959185657 -0.003958760124735727 -0.24514570422316084 -0.332678826896891 -0.3075578832107262 0.5192752171553765 -0.33604115419035474 0.2405130287442676 -0.9921882213123008 0.5757801226397978 -0.026472931126566124 -0.5189723407297613 0.4554425904727364 0.7000828078339933 -0.3161962626377546 -0.6456290506301257 0.3667734039441133 -0.9140093877631688 -0.7789235059259443 -0.42575450982798024 -0.766768888188758 0.5231420230689703 0.40347764716974743 -0.7383354012337568 0.23924218849137202 -0.5288641751434475 99.65760662887563 -0.5864341554275643 -0.5622973277135523 0.370679372519334 -0.31783109854957337 -0.034109128333640104 0.017568674365457726 -0.660381672024557 0.24229706837340803 0.6890855871120583 -0.5950817397364163 -0.9637161544920223 0.5740265896305117 0.2211725426857667 -0.041255943487805924 0.7321663280996509 0.802604677085347 0.12189860994692014 -0.223360234071321 0.5091110937213148 0.9407180327711757 0.6831348013634395 -0.29933133055336403 -0.9741348948305053 -0.0013896081505209157 0.28245213851872286 -0.22926628143698435 -0.08320631435691062 0.6167580074205903 -0.8833059542181134 -0.3100828357980523 0.945202785409613 -0.8297027338374034 -0.2904348373416634 0.9047487620538004 -0.6428922388600706 0.5219884788876383 -0.728616817892322 0.5468903125657019 2.124632097966206e-05 -0.27153386551263514 0.38257753191450705 -0.4470484051454535 -0.12540951206993012 -0.34003797299653216 -0.7079422682886121 -0.9150738962166238
-0.22966880477359553 0.3189641901077991 0.03858728319407745 0.5855557702397103 -0.8653449298825746 -0.5761539528870121 -0.9275363455058256 -0.7337683438190579 0.21250004411216916 -0.5308065169918323 0.06362673602300584 -0.03738063921829493 0.5687667562455245 0.7811464384537117 0.1820012307010035 -0.18821360172112245 -0.46153139470859394 0.8828229607999654 0.7670979120276422 -0.2599693596337076 -0.903270842625814 -0.569193796256896 0.2573302492031311 -0.22132139221579994 -0.10538335969971446 -0.6929710069922785 0.09898226029337476 0.5306392475996093 -0.9524180995651395 -0.564183542452819 0.08566532988102193 0.35308747579089905 0.5653587807134748 0.7112644761293332 -0.04565150457087408 0.9341818230465959 0.7777431373334733 -0.39374821194525067 -0.5356320587585148 -0.7509659968807161 -0.6052785132174892 -0.19001142162613371 -0.6013659852511064 -0.6019571222283222 -0.010558450037922995 -0.5289234371140585 -0.09819143354804227 -0.1656530949110786 -0.5908702800307408 -0.8029344162082699 -0.10942792262086654 -0.74144694829021 0.8566871997605672 0.2928660193580386 99.92305392684406 0.26110168687841684 -0.0355393978169285 -0.42920151432034737 -0.3539151637501432 0.060198978736689 0.6077265785530552 -0.41307541774918866 -0.2761533048323135 -0.6597966808798597 0.339245209558497 0.8454399039935014 0.7131920908850564 0.35334355779807813 -0.0291394931804716 -0.1380718971661936 -0.7234815394190193 -0.11329383630489165 -0.32515536956010327 0.1161375222011849 -0.9570108517309659 -0.4569912994329839 -0.15571262885738024 0.14338916849861505 -0.8991310548288427 0.2462987550199749 -0.7308019781395654 -0.5316044649368286 -0.17786900375191128 -0.08444668906757813 0.3448031459608927 0.6868076099336351 -0.06545260936931019 -0.07642178451226878 -0.6445684258795685 0.4048615763875838 0.9193228533417721 0.6840538250852812 -0.21069412957740496 0.0589196336656681 0.833689321106885 -0.05748654407172382 0.9685756163282342 0.9281069149042829 0.7695180458276194 -0.15057398516514353
-0.40999651369741286 0.02887078972894197 -0.0853060766369631 0.9317961881882395 0.7189854779517382 -0.9873927095500126 -0.8650566469385315 -0.21667529684874287 0.4410711581405582 0.5408396263032456 0.11717076563047368 -0.32964220671225597 -0.021623213182332623 -0.4483258854711696 -0.6153137752905093 0.3490377567439784 0.6122727389951768 -0.8334924093890905 0.2010815917175255 0.19438163306701628 0.8773379890282607 0.8120715290239877 -0.8633585623365108 0.11073087548218075 0.525027195593424 0.11975044073277985 -0.29451002333710274 -0.32463551144776503 0.23971278111247285 -0.025140056503866637 0.7363619632071035 -0.5924621161487214 0.4640940638268116 -0.016502040564839282 -0.5330506596172193 -0.9629300202114812 -0.543241127167005 0.9084013351346192 -0.19379568713760076 0.22158733894226668 -0.9792975323174438 -0.11881491525385357 0.8997690753858589 -0.2180632995267342 0.31883113190765 -0.8223182361782333 0.2092386930515988 0.6176724828082936 -0.9527616508032959 -0.8022679577358078 0.2333550737462604 0.11846608539601089 0.6894164215792791 0.8298557609983206 -0.5831483441575427 100.29862323200918 -0.8875365176684971 -0.3111994586624056 -0.9500728285877065 0.595327559828839 0.46955881949672484 -0.15349779890930937 0.8299229286405809 -0.7789276840862589 -0.05689200139483064 -0.8793016111130456 0.6069454195257098 0.6588907829674024 -0.9241084200606591 -0.4433179441763788 -0.7728828162204413 -0.7222576528834499 -0.9821516279884681 -0.15383269431969215 -0.8525887569485056 0.5864414857865294 0.010341537102843468 0.4856541534032326 -0.20829135021233558 -0.007134821521667556 -0.3900331716034098 0.9096754584508675 -0.4914299992342124 -0.9285198529201775 0.6986551620069952 0.1367017213218733 0.7518212958458872 -0.7463557489773274 0.6107806691791393 0.7552514801706729 0.3665996741061006 -0.9878219197542062 -0.5932403589200792 0.9670947522193567 -0.8129538974137569 0.33120517807066463 -0.6969832487059926 0.9849112460486169 0.534852263442096 0.9936749981654585
-0.43528098931211057 -0.7453671719038817 -0.3023437481763893 -0.05856161098463164 -0.38815571131977267 -0.5868615400326835 0.8666463759984642 -0.30809020457528913 0.23205894521407466 0.03964608244749468 0.6870231666807856 0.6288033940082314 -0.2385584880867737 -0.19168533864692305 -0.9847525062207867 0.035613479746246846 -0.597490445952743 0.11857614232934588 -0.8955334225439644 0.39326246517770524 -0.9999291768896608 -0.021993810084973475 0.729087907821006 -0.018764721257734873 -0.30762491220287935 0.4103556494200964 0.5129694125816429 -0.9997151185997615 0.21808065881006056 0.7106289993726134 0.09139330393637812 0.4687114847292686 -0.32577483396664264 -0.7561245813917925 -0.5465643042008466 0.32822748268310153 -0.4988076801792398 0.8470360253713458 -0.6556799285361741 0.17910835278931825 -0.6638777556063884 0.8493361721399901 0.5508981143877112 0.43090609159527715 0.24774766509604174 -0.9242967798572637 0.21074050729202187 -0.9881956296796472 -0.025416020190139887 -0.23871677245337075 0.1510310631106191 0.19391939232728816 0.6592780448369424 -0.9030108870840332 -0.06886996872408169 -0.6540815097923773 99.32313067212608 -0.2230318980468966 -0.42425816749606793 0.7264980258079914 -0.10888833997633007 -0.13988248540877612 -0.5433631973554838 0.8517831407085117 0.6241170406082337 0.11711835883673194 -0.3431355248019705 -0.8155721969295637 -0.14012742809127054 0.8458427113316036 0.24417236284956045 -0.05747342067234418 -0.7156878771214896 0.9471091350491481 -0.47988278792827677 -0.11431387877585886 0.2887745780464752 -0.5532850523310617 0.8565721277884963 0.5561514385933091 -0.7025180911132616 0.32542858429814636 0.9235054148811943 0.3983800734695022 -0.3914269992816499 -0.16173685208265987 0.6746998157373298 0.37755147555375235 -0.6278048885423155 0.9044252583132737 -0.5682688375191383 -0.6050467772819181 0.9045280358229895 0.6347180070319878 0.6723526468085048 0.01718171379450717 0.024532362199739977 -0.14043409670891505 -0.14138320581964803 -0.9399442071977477
0.24090540232483182 -0.040314564831582134 0.7695473586288362 0.8946688313446685 0.8383085388594909 0.8836593551097047 -0.34171989557153326 0.6280444277606834 0.9558803189871872 -0.6227386146018297 -0.8726833811783166 -0.12874916387708057 -0.949361203790615 0.5735707557930112 -0.14525573437638561 0.3065853614780114 0.40035127190231634 -0.8785148237262612 -0.9233861966990358 0.3259943096751545 0.3591233954497097 0.5561728922693976 0.6403006403639628 0.929992868291821 -0.32519528349134874 0.8432508595261883 0.12336599420756289 -0.4414367239559329 -0.20778849246980746 -0.4293840191638032 0.09338734863186238 0.021781800294657483 0.4662365254781582 -0.2774281824764808 -0.574462844534271 -0.5082469383331942 -0.7239303061647464 -0.07884135818333471 0.6524619289285494 -0.6682468766260625 0.2097363477064944 0.5188178710964964 -0.2324631845795655 -0.17105830260294508 -0.5849747408608352 0.32773288836673453 0.37787806842833094 0.8277342495558493 0.9263598619058795 -0.75892477255074 0.33329969713234564 -0.6763987643296447 0.78888503101384 -0.07072382425074886 -0.5812751616726861 -0.8797219191962509 0.80417907230718 100.38927095915231 -0.7858188153602788 -0.8467792826886433 -0.46899230922690194 -0.05689629974477084 0.4183595652981926 0.07428354430630768 0.8650502108526685 -0.6350721810439226 0.8753493343850922 -0.399868378834241 -0.3428720268257257 -0.5814236403062238 0.048504953860206035 0.9194036016356972 -0.25993353038092515 -0.6687007582886784 0.2466172240989155 -0.8439468565928621 -0.3666423579623803 -0.5782142002187507 0.5111343525391487 -0.6066324998747015 -0.057927095417626084 0.30356892256985524 0.08121138041850706 0.8437209635320904 0.933003430345057 -0.3663192748167876 -0.7658248434173338 0.9045056765244055 -0.43922450410698777 -0.6979905406447731 -0.45098826633934874 -0.5700467629159229 -0.6169942743581245 -0.416805445312072 0.26412645632377196 -0.37202944230664725 0.9588367056186402 -0.11940889125183096 -0.9976533873180187 0.6488051949882958
0.3180798693627769 -0.4859510995488716 -0.7751475943990169 -0.5907817332581269 0.09638095239634681 -0.9003362889724762 0.1781309659877881 -0.08161014915822684 -0.8897855098923309 0.28756365024868713 0.9312312581638507 -0.6094408726211937 -0.614743442979101 0.048826748665803166 -0.8970066980446036 -0.8292004650906271 0.6167679697085708 0.05035310185833941 0.8154254828549365 -0.9775849387113678 0.816869827686965 0.05282594637039262 0.22081902099813866 0.8344066769415039 0.262924828790267 -0.39858821862172533 0.2961522605969453 0.2890483248849829 0.8051036639775009 0.3776152441916554 -0.9181077020983066 0.5399758577596114 -0.7917159671067617 0.40887346430278804 0.17668098021401724 0.5620874979369612 0.7382594416896737 -0.7634759471798889 0.045104102003166835 0.025702350350126357 -0.26431168275641914 0.5097929670470163 0.7630855956449993 -0.21795010100049494 -0.19648040017310242 0.601283754113634 0.5907887218731254 0.14550909101080545 -0.3406447090691609 0.6817102744811823 0.5382454701737256 0.7275624577454878 0.07539538315351701 -0.9291931872520023 -0.6327255833992558 -0.8183603270119291 -0.3993229283308981 0.40923698193206537 100.88498277690891 0.030217288520973717 -0.4969936534543151 -0.9633933051940768 0.6835271604639788 -0.6348975762031874 0.46124753959959186 -0.6758005846764659 0.8861733963044851 0.6939544141689262 -0.12151292068833186 0.628142687182244 0.919606454294956 0.8566637479062442 0.1033359360252275 -0.8800722142792856 -0.9246270902979732 -0.32443417304864997 0.3320075044826689 0.5823130485200727 0.9105579027375126 -0.7619485636214043 -0.6304452214283962 -0.07621897966515023 -0.48341425562833695 -0.9209594533806083 0.49002217153149097 0.9256423244316418 -0.9041716395556503 0.15627131624318769 0.5378700293349739 -0.6840173546983328 -0.8841375765960666 0.12048459971179115 -0.0722545623944506 -0.5368999495891025 -0.11035103553450765 -0.18790714406641595 -0.30757436822732886 0.9383530649562688 0.8264509630759926 0.47396519718869334
0.13755876343356688 -0.6397724572140393 -0.8643743813601703 0.8469336640695018 -0.18046686431044234 -0.39926221338094536 -0.05534600810727164 0.6620592525405797 0.3258375691493496 -0.9116026701128712 0.2474734885843346 -0.7535104894269642 -0.3195963136904194 -0.8726857949795188 0.14257544732495164 0.6576647013329577 -0.9670007117940396 0.926969756589527 0.6235656647269483 0.6723409376213232 0.4565575570487841 -0.5059597696508624 0.7109902314876251 -0.3017857441789551 0.04159873877783249 -0.0031926896421572426 0.9446753337671219 0.7908793360530664 -0.34235136550692213 0.16800517029059647 -0.8602403313500497 0.005268886658073901 0.4901809892609419 -0.677052889622672 0.871492980560379 0.8753289826248716 -0.32612556875145615 -0.656879850467539 0.9592901263840314 -0.824830856675381 0.2859969304712193 0.9275414801036332 -0.34087105067350665 0.30488601804462245 -0.3419664497411363 -0.45738979552632 -0.8164656774008818 0.9773699224243715 -0.3396201115691899 0.5292579107816386 0.9429252892546311 0.72110679702285 -0.1508401615654269 0.08216107443050524 0.9906845984085726 0.1969746735763951 0.22210441439763473 0.13719179750589894 0.37086063720124396 100.77414544640826 0.7731216572596575 0.5364680768894421 -0.5841535789165562 0.5298072170325181 0.45782820409796576 0.33309964503753675 -0.948665209243748 0.059631610566134974 -0.47835849930380037 -0.8636285130069199 0.31623423987051447 0.4466395085043864 -0.7139277349127466 -0.628341712408589 -0.9007943462923749 0.8099809655817272 0.24571856563900174 0.7203206260677244 -0.15242978399721552 0.9556950681269936 -0.3575108356768506 -0.11975704728826853 -0.47659333640958934 0.37663783343739765 -0.1211651217870946 0.5990984531590242 0.9860083547699914 -0.7101396702160312 -0.4192381641523366 0.8534658818302914 -0.07685165418281503 0.16212010888674389 -0.18431848463789047 0.7590303468633799 0.3487550641869521 0.5320766402465433 0.34072181413356306 -0.3844607390924879 -0.6247140638363766 -0.5809620845965555
-0.2755189724186218 -0.9740352109583283 0.3076676920806143 0.7570921080760067 -0.741310740542531 -0.23598262978336515 0.03272925995937337 -0.7888181549686093 0.5065647043590138 -0.892095363685447 -0.26364520882398734 0.039553243106492664 0.41278564577367893 0.41862450010540964 -0.9112360261184458 -0.6810354271375878 -0.6331945672189112 0.4484293204927845 -0.8058261167425134 -0.3844074501432537 -0.7695160641667551 -0.32037757625615604 0.6720063127450475 -0.029896433555097968 0.17423721061534758 -0.14486016889832687 0.863054744339633 -0.4830258031831567 0.6542377145154108 0.06241008483903587 0.3527003363542347 0.4461437565821378 0.4772804971588771 0.06195433761370017 -0.007667090734112092 0.07877212637848241 -0.3632821256733767 0.46725088190380215 0.24565343583944999 -0.30725260124510645 0.2658204484862141 0.30005033202830234 -0.7868004857418294 0.6817833226336685 0.05886284104508821 0.6737773076972473 -0.41320421106513994 0.2739212090139136 0.5948087212432638 0.41278139407515657 -0.5773064310119009 -0.3109363809509218 -0.7907949206439553 -0.19312647936194982 0.5632624902270802 -0.9617020320324223 0.9253648552894924 0.5726704396792428 -0.4390009222104241 -0.9628126997928754 99.97405731451437 0.9268381604726326 -0.1415169334286983 0.5967279699878436 -0.348210963748774 0.5125951268556963 -0.2535616126422122 0.6968526006928695 0.7605340699194156 0.37549933875660213 0.4183944635408863 0.7194627462378955 0.3299270385867419 0.09784446697510352 -0.7720039495849074 -0.6640335916207012 -0.6586986787278357 0.5665527195429301 -0.13499401318359427 -0.9269508797872343 -0.23106885634722873 0.342278786162203 0.11449406688764974 0.48272415439071614 0.1564091145834856 0.56101414494211 0.001221094674126233 0.9874618110752795 0.6391729643041812 0.04866005050220923 -0.5064034001149682 0.22918494862185823 -0.02304852726366846 0.24454607600515965 -0.5015336232087355 0.20546638717175658 0.504152559917252 0.6222688714121336 -0.43708630513027047 0.4341932956597714
-0.9547808530025443 -0.6917093067279618 -0.16308316753446994 0.09506017090809915 -0.7378439017892546 -0.5921026081513616 0.02425812834933061 0.5461962159520621 0.21412086850435585 -0.8958395645170836 0.2475440021351245 0.7573436548082679 -0.9250948534174464 0.9907283981928294 -0.5247245460013121 0.2862490164479725 -0.6050513576015697 -0.7691109667324862 -0.7271766227502554 0.9186314041139492 -0.4222998435879666 0.10969664074864882 -0.817335364057848 -0.635600080412358 0.990928632576533 -0.7862958729247671 -0.5197280440872185 0.10652062715549371 -0.998981081912802 0.290808502445161 0.7562000899462711 0.3030017495134434 -0.6415415538447957 -0.9619677068340076 -0.7544580164724501 0.11352695032335447 -0.14172873833834676 0.3472408652838648 0.7796207123595278 0.21232392649959686 -0.8047018909912784 0.9087894783841923 0.7125650699451862 -0.7522683640408292 0.5468310319556775 -0.9200939086320525 -0.09374275940054111 0.6129877857346555 -0.04787395235716785 -0.21508638655304146 -0.1892384615211602 -0.3245157695059042 -0.08837394969914492 0.44247562096633763 0.9674012925364825 -0.8843217357142652 0.8843127092336684 -0.9042806508086143 0.8377239281962086 0.062424921983638804 0.9847178562235173 100.21271385749317 0.10541422860094274 -0.5273719164551047 0.5039402016768222 -0.7844235974869969 -0.8254621745104955 -0.7196893438164835 -0.5929920237539559 0.8507892164594244 0.3118738213771113 -0.28888337564061173 0.9756912252047565 0.6296573757758361 -0.12929115795449708 0.911471781227446 -0.6358342705935993 -0.9953321504234323 -0.7118670553313033 0.031585366700762174 0.33432464911724713 -0.5368135603411566 0.6399420707202064 -0.5167264492846557 0.7888576498458622 0.34121438173989005 0.11665289071079332 -0.6187914358873519 -0.461837203920775 -0.6152655721874201 -0.029992021997807816 0.8260854919105369 0.09774947204299145 -0.7334933296222765 0.12028028054483508 -0.282674091768246 -0.8840385020943786 -0.1577109104661336 -0.1558645000587895 -0.4136129675700426
-0.09899717473859337 0.9457358901798751 0.339087339154978 0.00730071343620331 -0.358609408164668 -0.6236689562366304 0.8630733282935572 0.5193962666993059 0.11087498158614717 -0.35598558867699137 -0.4249540884001046 -0.5260654676218748 -0.09717743071530238 -0.8496381697258186 0.2545047315926381 0.08621749408785684 -0.7141918766247428 -0.34073987856402566 0.5801845278333073 0.09631826570992486 0.6344466677777101 -0.9659067217947555 0.8779363726147325 -0.9969677057536444 -0.6059837757890685 0.6514676926684038 0.4457085616611409 -0.8308212128859438 0.25207809724666586 -0.4208194660113582 0.8405787902069963 0.7004176213374134 -0.7707733824807277 0.43035811994359774 0.9905494666062895 -0.734341419002214 -0.012988519730514847 -0.765307143595628 -0.9351014474057497 -0.8160152552020081 -0.4029264508244772 -0.019870828623614445 -0.14061483310667588 -0.1680757564187072 0.9625595857574436 0.42915925067581684 0.5748692180984198 0.9456545024219631 0.6892552049149778 0.10208891713247636 -0.4670408002249118 -0.9105220422401978 -0.6920228329339957 -0.07902484204873939 -0.9805801365141054 -0.20547670112236394 0.08603271695123427 -0.9152313477012557 0.45243608683802683 0.6128184672913368 -0.29383076117834306 0.5721532508037721 99.59551277800874 -0.37108811031101285 0.6987421887767991 -0.07572740856695925 0.059986118118718235 0.6313448109847901 0.07862639436855035 -0.05038055359811788 0.6034942226870275 0.574378968166334 -0.8079967888312858 -0.7021031307679899 -0.0482819590913135 -0.12409600841838575 0.4021935869745048 0.2891222546107144 0.2730026666619114 0.65443796618136 -0.9564577517088075 -0.40867079116664495 -0.9477671022603804 -0.5740107805772563 -0.2825704792141761 -0.958463320493324 0.019415682910115084 -0.961413255107815 -0.9508519175048269 -0.06242083995357994 -0.669785042344643 -0.6234575906290343 -0.7846392919642389 -0.10845572133642944 0.22786735767728805 0.4794680158316209 -0.18656787103830497 0.8858564597972705 0.06551632944871266 0.114646514771505
0.2842344286872853 -0.7883227126238515 0.8992678981334203 -0.5255158768554848 -0.8404211211693635 0.2642969419210224 -0.6512832736407757 0.3550669168353995 0.20185238559528318 0.6927447257845336 0.21161687369254722 -0.5014921186961352 0.4511755314817987 -0.2675376606036717 -0.2323541651248735 -0.049219640238444606 0.26854461784129025 0.8673141596451404 -0.2833452759429911 -0.25841327039363504 -0.09934380479615124 -0.6239343710969045 -0.8714075928281488 -0.7339301260478237 -0.4684051613674396 0.684762220782162 -0.3041538243540043 -0.8441159550626451 -0.9199623992696311 0.3805409356366687 -0.35093847731269534 0.1872999166543059 -0.6819188829398888 -0.3684393107865336 -0.37349707780307595 -0.5190832014894824 -0.9383994507292319 0.6573212060445004 -0.6848524684771706 0.23253465369921855 -0.3086567446667221 0.35021179729120644 0.9768784899587108 -0.1806241454586046 -0.47385614482614735 -0.47039931551583236 -0.8573584307170201 -0.39070766459180706 -0.5248182799429231 0.5207360706108801 -0.39803536439097353 0.447347535318819 0.9958158059681947 -0.1141337204938837 -0.45437686728274795 -0.8993665558301058 0.16465611183832074 -0.005787916398802162 0.778937387241686 -0.7715610180785024 0.9307531558241064 -0.9342085341292252 0.7056467715707764 100.60700566197573 -0.6683152566131123 0.156935428502178 0.3476260334060708 0.1806597991329597 0.9297756253047418 0.13146276394408507 -0.7374597184709824 0.45795104877623904 -0.7324010472820832 -0.263584901095425 -0.48581203376160254 0.24444995927523916 0.07602268392041167 0.8662135074900699 -0.3093628275937377 0.9872520837741265 0.1703783018008127 -0.962601556458917 0.5665832692127777 -0.056434323464326974 0.7833799825869314 -0.3266260394775622 0.4374653229192502 -0.3317659422673578 0.8285245358625133 -0.6094337845736637 -0.8916286159767162 -0.9960147103360066 0.4344592353476673 -0.9455641330740103 -0.29059123170658885 -0.09124676552588107 0.10327108108088878 -0.2094767282510981 0.6304938438147438 0.6411451953030409
0.8416762854041637 0.4937501830409292 0.3520497075046405 -0.39419501392365763 0.1990616980288451 -0.022864065750991314 0.5961499159528725 -0.8442406250308401 -0.4699790460196438 -0.9979726488423737 -0.5525794331078229 -0.10779935213123504 -0.20018492696559198 -0.10960227528872513 -0.9662303703500723 -0.4915302819438019 -0.07328289302975244 0.31596361635430514 0.5225065559305653 0.26973877176292893 0.6309602181730196 -0.008381096056303994 -0.052799364130076576 0.8954873003081354 0.1650877611263335 -0.7850693922459973 -0.9831014638468267 -0.35941827208133725 -0.9856405329260052 -0.344874626244124 -0.14600503911230378 0.545868849490587 0.15012596332069394 0.7179065654625556 -0.9134748668895838 -0.6441704638609855 -0.7011195854915682 0.5789750594273073 -0.2662850679618036 0.3658554654140582 0.1629257275689926 -0.06400685285693886 0.3450431826021523 -0.22625588913080263 0.9192537529873683 0.9923743309084092 0.2906827897472568 0.17198569447760614 -0.5350581966748575 -0.03664963905156604 -0.6925615530134388 0.8223908676945322 -0.23642433453398604 0.26928613083829234 0.510815864355346 -0.335802856010764 -0.5199540933118956 -0.578744996151308 -0.6874863630017967 -0.3161832634531734 0.8046869538220851 -0.414831820401796 0.9210098262974213 -0.5498673455588587 99.78000194248875 -0.3911076323506504 0.2997022806918208 -0.40629301449243527 0.1868077366340677 0.986399714144514 -0.21363881067377632 -0.8505797522452225 0.17223808680382868 -0.6645051480776827 -0.13535538187753504 -0.7352799835562267 0.4607754409205891 -0.8160790877904753 -0.9957151708752077 0.3523036397573829 0.31247163126331534 -0.6593626326172144 -0.9678730129551465 0.10883125473457067 -0.0829696507983837 -0.2604536007391176 0.8595941906438367 0.5847063965419597 0.1716330704413307 -0.6872752813830367 -0.45995385119439636 -0.18334022547524587 0.09620012629308694 -0.5687895486415877 -0.9187820770859629 -0.1439184528356663 0.8516518721531161 -0.6071694570241866 -0.10848828214424344 0.27399950383250227
-0.8436522532492698 -0.5844371963483219 -0.2508278696961872 -0.440986549609258 -0.6570646033563576 -0.8205448499601176 -0.2647859459498816 -0.5226268902183084 -0.10565506150573922 0.12180722614753003 -0.7369874981895335 0.43818541722781146 -0.8908065304846575 -0.572578863383453 0.3125798954660328 -0.8516171638979262 -0.838379611879938 0.9170947489802761 -0.6044268141942231 0.1534531839189417 0.760041064764962 0.32876704987781125 -0.2675198690277849 0.4754948315644947 0.813784727293243 -0.05130882993383756 0.7467468910549258 0.4807282773860404 -0.6719502318454191 -0.9181822193695544 -0.5661625653376727 0.6354579570932921 0.27144851500165723 0.27630141724678636 -0.16233796730216743 0.5885500224741904 -0.6421183856247545 0.9765305168757614 0.58536959273995 0.37864739845705064 -0.7166318992585201 0.7410182974886204 0.7699467806045006 0.6684480951051377 0.8945483718636711 0.8339641659648602 -0.7397382543898916 0.17114351692774754 0.5494088602525729 0.27174599309564895 0.640437563065402 0.2970221330506788 0.8690721863262694 -0.0325679135014314 -0.7386813657869042 0.37964139021975307 -0.266726531841198 -0.8278459820219997 -0.9460390833272108 -0.016997315491223075 0.8328706247966231 0.935939088259359 -0.3915619035172808 -0.2672506458174644 0.9168769324574884 99.02487506757383 -0.8995898449118622 -0.9429940432896244 0.27542712931349955 0.997330162190031 0.5923530148857368 0.6756472071177853 0.6535718932303156 0.5290761834107567 -0.9800563122702752 0.3882880263325952 -0.401814299577806 -0.8839795081988853 -0.8447688319340152 0.6952399926780062 0.09350801455199531 0.8630554461698252 -0.8278872228060983 0.8069622016624001 0.4599701974668331 -0.3771664442914362 0.5363311128227979 0.5645035248857742 -0.4969759300409715 -0.7893585260411491 0.28732571838522536 -0.832750266633016 0.31022708452426273 -0.057412799787495805 0.2068869695042177 0.9476435028744801 -0.5659716328694324 0.20444126606196766 -0.058256299569488634 0.8871511095779279
0.36922217246229594 -0.03326735108072665 0.14286722791916429 -0.9191619063441117 0.9705021317288007 -0.46516733540347244 -0.16569243653276877 0.27424109109034855 -0.39593573114193803 -0.26283163937103193 0.8717029069915323 -0.4636079235767845 0.10925258655423775 -0.9537021973176045 -0.7784350924045957 -0.22525253567934111 -0.5167877792610889 -0.00444696976383252 -0.9772255872101574 -0.5893840453929142 0.5495077414707092 0.7513055149274954 0.6370075180910146 -0.190028388388914 -0.10530951342749795 0.7361881800949648 0.009896274963405283 -0.01730005132528145 -0.21703258648596324 -0.1530527467898517 0.24811281071742797 -0.7885006921917774 0.03554032306724553 0.4750170241613041 0.851540459984524 -0.6729464665899632 -0.7236428341705445 0.3459724119021712 -0.45792228752531994 0.5193243917228556 -0.9132822748354941 0.24537051582013825 -0.9137064584181875 -0.9857806342440447 -0.3716739777265725 -0.8249102074487604 0.2053410047155626 -0.2669936622406941 0.3230952924045458 -0.9425766637218578 0.6067965224307061 -0.30476530485570974 0.7614430111505686 0.8340176646422508 -0.4221773376464093 0.2617959478969183 -0.9660287494460307 -0.053221658201055844 -0.32461726968327786 0.08504869745393195 0.38325380431721157 0.8667999120406367 -0.0415757369708718 -0.5456424526880777 -0.014435091749394058 -0.5890858546907154 99.90645181574851 0.6975239157183137 0.2561935501003212 -0.5745914727081056 -0.9149339281677229 0.31709685163065204 0.4033681357812049 0.08369281162685427 -0.1329625702502275 0.20031933450454797 -0.29041490933911684 -0.45234520040339143 -0.7226682352384819 0.4645450075389086 0.007793679289157751 -0.6613092432016914 0.831762551677921 0.5356504953246124 0.6590243984196376 -0.1524807570098996 -0.530696258382561 -0.36540500132814113 0.7545119395523749 0.5342609206839439 0.05694592196466264 0.6624652323072477 0.3642818581973679 0.9066259292278436 0.5296313315200321 -0.012284159811275952 0.08803795323971664 -0.06700878674150168 0.6548367135977513 -0.7704257983595073
0.08759779973949677 0.8386673465023124 -0.5189374833240121 0.4897225034634638 0.1108371872297611 -0.5606534714882612 0.6955318914220057 -0.26259879474402115 -0.8027918421720839 0.41772772543268366 0.4530547543525334 0.6582775239649545 -0.7365374303913443 -0.7309643984601424 0.635942565486431 0.30893567276762246 0.6675010362618814 -0.6136897776002879 0.6549612219300063 0.3200389750225585 -0.20843930158147184 0.5715204928635089 0.12976416464491636 -0.6786755926234167 0.17171326564283174 0.8427320492562276 -0.8992629094522051 0.49559310171530035 -0.6178787919644895 -0.6993181129813637 -0.6855797913115598 -0.6464372514769201 0.5025721421759708 0.276417400809422 0.48939741303346107 -0.25641015430751946 0.5988081165440777 0.2102710351924879 0.5703213109055618 -0.26920503906343907 0.2975433344802143 0.749632626805397 -0.8395972177244622 0.5550184372273648 -0.29341826575079555 0.3221802837332739 -0.739699704983882 -0.07836132505553461 0.5382905433785046 -0.6759617068981001 -0.5550115180050053 0.7691677831862327 0.08951749093137362 0.76136415568181 -0.9249012686480798 0.37859401855381125 -0.05995740521762016 -0.7164351884973061 -0.11157675058277028 -0.6771832998869913 -0.09172299501521453 -0.0005884512821456855 -0.7513520760379249 -0.3664637765236447 0.6058331303933802 0.4446855923657105 0.11159309231309256 99.29233889295817 -0.748037772775999 -0.020121652816455837 -0.11879528181587085 0.31565130836682376 -0.5406664246086985 -0.09344385220313867 0.3162786239453572 0.49659257279402613 -0.9146656878836725 -0.5768117657350667 -0.1865280419314963 0.19631966308121762 -0.6622103261222447 -0.7030913991096124 -0.022213560621497708 0.5151385011921878 -0.12474187127960379 -0.42807257371226215 -0.6231425645360777 -0.6959113162056989 0.07670797154350661 0.40871329641371057 0.03932965541102185 -0.45955019172798783 0.8853379543434987 0.08123873180955243 0.287146747288584 -0.7634627596940096 -0.0027765685037564047 -0.9292116094511687 -0.45367005936041704 0.29547222226795333
-0.3148096642609304 -0.06543258511601757 0.03416616189141042 -0.10156857912327188 -0.7896227614920279 -0.5456925879761771 -0.42451146981517063 -0.007347404601146357 0.3875013754718819 0.7551158826464892 0.19089881859570457 -0.01253951293252964 0.623369519481259 0.22965878308533738 -0.618674707544417 0.2027480848702874 0.8302266997674339 -0.6012823691842011 -0.608279243622297 -0.0783211572320992 0.19823532416885703 -0.9388273993656966 -0.2422978735351664 0.372506434246737 0.6780326734926516 -0.24658634156519055 0.7617312030159784 -0.11562037241714118 0.7613204130603268 0.7997584136818665 0.328726140266858 -0.323805148098109 0.16272933569891035 0.7704381011224666 0.3591527065668296 0.5890117241957997 -0.8901268995280707 -0.7536868187523162 0.6971156120933304 -0.05917052698875791 0.08261256162444086 -0.46949824634361925 -0.25038958870011774 0.29343036050727855 0.1298742831207942 -0.8911570065049115 -0.9145473752108155 -0.9358369219331804 0.041469004488879024 0.638551567184761 -0.7940882562622538 0.8935502499148638 0.6179353919126127 0.469737231773405 0.06744216007637083 0.050750103060686724 -0.40348258164941675 -0.36877142644444616 0.7277089966935073 -0.8437581644026992 -0.6963657441105586 -0.5021487117740413 -0.5653303127044691 -0.7516690817416154 0.4289144189769407 0.09795775397415407 -0.2882808386167677 -0.36843588871331345 99.66606405998569 -0.48173111990056894 0.17296086830679203 0.3474939991537407 0.5091143644515659 0.9661805467186928 -0.29017901423954484 0.266504421868033 -0.7834617583288754 0.5980915412469636 0.0350085853249551 -0.561454645310909 -0.7199008267177303 -0.9282300385673874 -0.9221402510460186 -0.8382780224995792 0.2795624005252699 0.3940704064955225 -0.21618342463271323 0.8269491185764446 -0.32236918823146476 -0.561260929008286 -0.8061809058218545 -0.8139210706382984 -0.36888708951815596 0.13306358943195362 0.9896918537161776 -0.7341083242578721 0.018882062762227925 0.22220303060628233 0.0723455863508069 -0.9395753559662767
-0.9351517053998386 0.760317698215546 -0.6176352661925582 -0.2037339477519866 0.8555459583392289 0.9137686316933169 -0.7711213196024136 0.041742791322099126 -0.19091898646110406 -0.704952667350534 -0.4581216633734415 -0.9503149913175302 0.2704477646930816 0.6355071936926375 0.4793166675790266 0.4613032371387513 -0.2269332563629345 0.982967997931258 -0.1266006276966547 -0.8161771742017618 0.1886265462903216 -0.07907141107793225 -0.4243828112628327 0.7439036679810536 -0.5238854848284895 -0.19009165677414153 0.11973551237591185 0.9586256213637272 -0.34711121934237776 -0.0028367646622453613 0.9161868018050483 0.2837884382111402 -0.3523491799275449 -0.98251137284036 -0.4960802937720381 0.22687203027672043 -0.015499105990218753 0.3042965168443721 -0.46801750798610575 0.7235094451314514 -0.03992880800191845 -0.5130715129812387 -0.1350751659120648 0.009110752089740215 0.22706030040336067 -0.05237534888259998 0.7554518872574276 -0.906064831062211 -0.14732437713980517 -0.605743893516965 0.24066999082823792 0.07241131196372597 -0.34767421494274764 0.25734188730305596 0.5073569442914383 -0.03308120996541675 0.1462933842240739 -0.6261451088086021 -0.7106867700093513 -0.1992475576751449 0.9956325042673182 0.0020669961955437355 0.7606195599400565 -0.026064298581803147 0.46076284899454323 -0.38975040326109944 -0.8471995758614908 -0.8477427739324692 -0.9705161269723999 99.83076046072699 0.8504343257774079 -0.2454396090884552 -0.6003239891544125 0.17738800991153303 0.1719696669179176 -0.5562288064666248 0.16862139827888178 0.7961874189308156 -0.36730931654115473 0.5014440583912119 -0.21750552462258366 0.11747523113323499 -0.08829670717194849 -0.8084870126242731 0.35050233577737444 0.09083038882661643 0.873541339792804 0.021123165611068195 -0.16893916769115602 0.9503724252772099 0.5068198798676709 -0.32785157103953044 -0.581131885642197 -0.5568271787696382 0.5997770620987517 0.8723861638800778 -0.8245678994685468 0.21158877679220356 -0.8158209794019105 -0.13358470929798294
-0.9313636879801737 -0.16415902844762886 0.9982162604945439 0.03685733419463855 0.6718879216342553 -0.6787985845730278 0.9843180263121583 0.5574174574221642 -0.3150469225867558 0.6083866926557495 0.21915263906828475 -0.5341654911005929 -0.8944119119096692 -0.8451806683937786 -0.31607788359497535 -0.10943629404897637 0.3506181498757981 -0.07478802661106543 0.15804416343095884 -0.06223813257141275 -0.6623144807408028 0.9606470545399817 -0.6876425456647641 0.46181402841893426 -0.6167883980702049 0.4834056612856863 -0.9964769734721193 -0.2743536565433742 -0.0885154695833934 0.8104680258687122 -0.4323677047288983 0.6008980463677682 -0.28470135630347015 -0.8278100670238984 -0.4299158020609686 -0.4044017729815319 -0.450349074250594 0.5742256665714929 0.42465247103393255 -0.5362143261348329 0.3368903962323395 0.22362493922055005 -0.6333774926918498 -0.9582686096777207 -0.35489172704534355 -0.0980572280424361 0.5905199010055251 -0.4064384502267202 0.005449957963097107 -0.1821727785187075 0.29098244182250066 0.7519887832662995 -0.7824388365464903 0.5133137914320187 0.8470121248457689 -0.18737750547458876 -0.9293441341619961 0.10316911286367692 -0.9048025183260817 0.6378468013255489 -0.8112669063593456 0.9605465904543613 -0.6942644095318702 -0.37600159525630206 -0.6614905690845292 -0.7190052150309383 -0.09747865548221402 -0.560404805776352 0.12230956877501042 -0.27514785491404337 99.45476287578695 0.330893623833572 -0.9988901272949415 0.9427549266922952 -0.9326053069007572 0.07249900457138558 0.43110283428040663 -0.43997052007771287 -0.8054597529034562 0.07248175567200765 0.701826167127976 -0.809950908524858 -0.06861009940705465 0.6000108758454998 -0.48137143966689644 -0.5498946344644011 -0.01401176153509276 -0.004199272423862643 0.9252914106444485 -0.6210943477532962 -0.9668380432227033 0.9949996442871767 0.1322298735137497 0.9931859127095355 -0.7180444097981078 -0.7582587007960171 -0.3219305954791689 0.2741538203228482 -0.19163422651402984 0.20410431780564453
-0.6927244237989509 0.895706650049654 -0.886750055037357 0.831404836659521 0.8465358858183283 0.3902139381550884 0.9623091856642239 0.6958299425119596 0.9678189440088885 -0.4760509960781907 0.18052764741945349 -0.7076027534376608 0.6409271324815407 -0.5932229402722855 0.3653308019133259 -0.2110639290978351 0.08956392672626468 0.9204381326565045 0.8038188526613075 0.4274321899607547 0.9371078002293765 0.4270213918379424 -0.7383432916124733 -0.5856687865268129 -0.1424476888225863 -0.24517498322673048 0.30357786678925036 -0.04042059483451199 -0.4185413341935802 -0.9766365885979167 0.8666493127868984 0.3210826526313211 0.5688051701069106 0.8564408133437349 -0.38020395104353955 0.7588427213986288 0.4373273445612267 0.5139119166622037 0.29660550722553003 -0.15134972945842606 -0.6602738068723355 0.6066791623644314 -0.886319510082884 -0.744986139257106 0.9922171937788447 -0.8458106049312635 -0.16264160661426152 -0.8190733251808018 -0.8215305896477878 0.7665014392803333 -0.8419803407441986 0.3594315775051895 -0.6750931197117185 -0.7425997574224048 0.8540991123605806 -0.7504046696807356 0.2844269736863365 0.4089792442032565 -0.6297555076132251 0.8112267372503714 0.48599516628522466 -0.9810814667527625 -0.5598630471559787 -0.9017436871145623 0.19465836961986915 0.3153927356383266 -0.9037511067896438 0.8936102513123576 0.5016713286250776 -0.3844578892996504 0.36866833584850833 100.02056950777644 0.7341466043658327 -0.937744560042165 -0.40160700074578104 0.7174907697141286 -0.27347203126282693 -0.3433200643303531 -0.7637501411853733 -0.22192339863370836 -0.13454039227694725 -0.0667754019172333 0.3707978000390584 0.5720303474488406 0.8113082470804114 0.6477694964775564 0.7199726177147887 0.9244284842983022 0.06097155449138669 0.22300570335068248 -0.5871703228055036 0.9012928133539815 0.6127453791079558 0.030716993529671166 0.2683630836428281 0.8621753121028426 0.7689611388708759 -0.7717029341453261 0.04319195104770346 -0.6012616155065573
0.5503036923069236 0.7448341083136896 0.5543211761351547 -0.2161548928457402 -0.7508858077048535 -0.9186800567656026 -0.9629575335755696 -0.6879180096330928 0.4583707585445034 -0.3778036363566344 -0.7554167015257927 -0.6053103723931974 -0.32135936476459515 0.7015683686972334 0.2392778769088728 -0.43094494067866695 -0.6682118532362753 0.43774409295052563 -0.5173375185507334 0.18171922844494848 -0.9181692149494745 0.16222297887288017 -0.8287984000036197 -0.7806492584237126 0.7363932303554941 -0.21905529481116814 -0.5794283430867095 0.05801203773413355 -0.44213717301769884 -0.5886450116566755 -0.6428368047668518 0.16225644947941342 -0.3001602620477377 0.7643065924626233 0.4572125772410234 -0.7891867107777997 0.2832367598024408 0.12111456870177206 -0.40478495726594943 -0.48587768115330987 -0.20097783460213248 -0.006141651430884965 -0.7794655502269119 -0.4990797402510265 0.8389925896869856 0.3389286484581018 0.07008808683656054 0.3460229778381445 0.8501863418328168 -0.8128480892120857 -0.5417007096431994 0.5696238539931433 -0.43994354622012444 -0.09581852947580716 -0.7792843673273464 0.9423382845957786 0.5559054375544119 0.826980870394703 -0.6397795251415757 0.9725948855656201 0.47566297543918123 0.7418747008267357 0.14089638508815505 0.8857393783828056 -0.08910053368351867 -0.763265646826967 -0.6904101721910563 -0.6367881402144293 0.4086676392009876 0.43318883306303024 0.41470527159244197 0.6389197827188124 100.0706645162925 -0.06338657168164064 0.6762217342406134 0.6237466429439413 -0.3445338384816652 -0.8766461730505786 0.890552313838634 0.02378576830529866 0.9803180223681194 0.09804007330984654 0.587252727964154 -0.3012387565853265 0.19186373488419584 -0.881344468433225 -0.02009449944429531 0.6761845371319917 -0.18760154421540687 -0.43120682447030356 0.018623804800447008 0.25378006002709075 0.6939904544761797 0.6978528843783562 0.7923252178573299 -0.9987540133209567 -0.49163101022993483 0.8982573598461927 0.5307302917734438 -0.5450150880880476
-0.5947678806505305 0.7332378036335763 -0.3070806140047109 0.6533503992978722 -0.6421037565789562 0.2021343166394889 0.7916746870432092 -0.4252865525263576 -0.7563804080916665 -0.9536197770655257 0.42455012712209883 0.8321901640413814 -0.6622961407752561 0.25145580291490455 0.4472471764951611 -0.5170983594815135 0.509067247251674 0.104918314453333 -0.2002316565322675 0.23916130442171424 -0.13210695836742925 0.6834747508000232 0.6409825524356865 0.7205006897205488 0.7302162293452823 -0.030729781724061045 0.26788461439484146 -0.406846820827341 0.9353860145595645 -0.7332994423100019 -0.13653544088461245 -0.8601470932483204 -0.30121629746575573 0.850376004553878 0.13805256116892428 -0.783421184467687 0.2648502226984528 -0.40192233017633594 -0.20322305993961054 0.20576068159156402 -0.8163849072356668 0.16474440005661317 0.572867868882031 -0.5171181407026204 0.19445319838159647 0.7290204250882508 -0.9410348444843852 0.7335072848761883 -0.19825917059569886 -0.7749918035390864 -0.744509320163123 0.39557490594416045 -0.08860342819683842 -0.47930491323546986 -0.07452259684942142 0.22703705675509211 0.5816043703017961 -0.566121877263337 -0.8888648308594609 -0.7993515798190713 0.6661610550121142 -0.9978431542500124 0.3070566159039301 -0.38908977675981005 0.29245648187806417 -0.7944778874357346 -0.8664789863806699 -0.12729262122093488 -0.23708763637702956 -0.07795748180293427 0.3694609104327593 0.4029703554385611 -0.39486698992514846 99.69999091337623 0.44149694764680025 -0.6993757075577223 0.25505065504160296 0.6552493904293397 0.8746537733622366 -0.8393083270267703 -0.9980054272989536 -0.5686645002791779 -0.8147279847964979 0.7974349046569211 -0.43824095050977196 0.8082799037471982 -0.11823177126014373 -0.882850102478909 0.963868516373273 -0.8199815672972588 0.5184431259817583 -0.3029343372640978 0.6364965221767229 -0.2517334790844441 -0.21589039837082935 -0.1259934720420368 -0.47045771184007634 -0.16854718544758152 -0.7278086509256465 0.8385856439063173
0.3149828074358936 0.6222529210309509 0.3690029586363788 -0.06149670261744644 0.7772038026563481 0.7123808220038406 -0.7947124348210857 0.9506922478536166 0.7515615075961826 -0.7564362635281789 0.09963521016545651 -0.7577599533508022 0.597060961536741 0.8516461382951181 0.4109319584980682 0.15800701030643038 0.22174625997013786 -0.17582490206701706 -0.0820686968491191 -0.8050889662036911 -0.8628298120808431 0.9386125591850096 0.99166112044769 0.1534063098819265 0.5190924270446926 0.049224186952425475 -0.7985082808025608 0.7413829747911245 0.46024366428507624 0.8233352088305121 0.7646623707184454 0.7399030916655172 0.5618207914420974 -0.4659866979376015 -0.9648251526496319 -0.1607231171080863 0.576571264229423 -0.3871196636201375 -0.2146280487875627 0.44708768887822536 0.7504494342028054 -0.14194859080234656 0.8016844143422306 0.8928764553797541 0.7246723793839385 -0.7813199393343369 -0.6265273735113617 0.9085305154150181 -0.39699117382283555 -0.1995037255531329 -0.7808318835495878 -0.8754145757828651 0.8780149541024782 -0.6855876928941593 0.18070423984951933 0.2398131862876609 -0.9049101024443309 0.8529982548332549 -0.1408764677331702 -0.7651118012581895 0.7788241135645413 -0.35451462070050277 0.6695592581355958 -0.27742870228630645 0.2142011279052718 -0.01205999234241073 -0.9224833364515761 0.7825553144540551 0.0925920984458879 0.7514144588112281 0.4334119307808193 0.40408901820716214 -0.5005144365241032 -0.5461187069665279 99.08663007071834 0.3188888367827172 0.830855180784988 0.9844472079065996 -0.7337149045245952 -0.3251001970223262 -0.6708028574837819 0.3555566670941446 -0.025762325032042455 -0.24066841655842675 0.3468452538051767 -0.35490484583751813 0.9036547297780453 -0.5957021080958163 0.05113709009819778 0.3365491902991662 0.9466169840606211 0.8488397255805302 -0.48366149194967956 0.8079373547441886 0.02420661523751466 -0.2746689654211647 0.026718862966222945 -0.8262424838194706 -0.6811655465544244 -0.26028984057970295
-0.41427086151555104 -0.9420685599778842 -0.5901870701531913 0.34419225602645986 0.5505404320219787 -0.008736510764783212 -0.20398697965317925 0.5448731705074079 -0.6004155757649678 -0.13677528153519258 0.2355631774819107 0.05235607181229307 0.08306236547388379 -0.44753988631481145 0.2933941200673258 -0.8122880349217072 0.312569671370724 -0.20914037897389903 0.7097543277599558 0.18683126318413867 0.5039893727549678 0.318873805446797 0.3249385163504608 0.17928114117070026 -0.38598914841056176 0.0987977425624127 -0.09600113655495934 -0.503256938873452 -0.7267529433507194 -0.5790563349458533 -0.7933885854126699 -0.5489903520100385 0.44677329791588205 0.9434135057263076 0.9919696441990269 -0.3278083363423714 -0.6555991795402616 -0.7510977041398506 -0.30674219099540934 0.099891051342621 -0.33790629333334565 0.7929259912209465 -0.9494367869595637 -0.06621220420490959 0.7154643290963734 -0.9414700567469956 0.18101012472296096 -0.1335591440748114 0.9638303150337362 0.9439846199202846 -0.9195102335726546 0.4413382512229551 0.9844033075001342 0.13839662535303843 0.7441133344510102 -0.011480239612905008 0.7764088187383418 -0.9405412467572092 0.11876851776416442 -0.7403981794353565 -0.4787006144345711 0.9558843873074008 -0.37367464051482746 0.6727440599704364 -0.7619632536696483 -0.8809292868135017 -0.8008699105926307 0.25413711394275795 -0.6319119937269373 0.9119145223940894 -0.015326517273525075 -0.09155338175220717 0.28285961284889827 -0.21244309801791506 -0.4798331012357884 100.74547757867701 -0.9888936702749409 -0.19945679537961425 -0.5327255501349597 0.7736174010485224 0.1173958961334427 -0.956037857106969 -0.8278833691640586 0.2494422058596606 -0.7894698210306765 0.446447669093204 0.2590718918177286 -0.7895664809400971 0.6219096682612275 0.23096062700611864 -0.43591730113697436 0.016844952937131508 -0.7184868906818802 -0.9646560961458759 0.3824255222667572 0.9943477261230829 -0.8229815556993685 -0.09893735442014928 -0.17607187241155686 -0.7284483148971355
-0.32369001826145327 -0.8233700786956502 -0.07951815265991447 0.5977869699889933 0.37157301714102475 -0.9526095701625936 -0.5764278515100554 -0.1804169697129976 -0.23636417777918517 -0.9357998118341808 0.04191607223361693 0.5356848225004067 -0.5091654451075129 -0.3419563619232344 -0.08197989041397369 0.658496576386409 0.5912653507782264 0.370567844645743 -0.3506265187721027 0.47297711874000603 -0.28086180079241063 -0.39342573090339994 0.038893991240233516 -0.0995542537878733 0.6543909098878635 0.4627366465249665 -0.7874581147469444 0.21262606160124475 0.660274742068091 0.46699208478940557 -0.06548558606799681 -0.2691138010213814 0.31051597197601377 -0.880574985113959 0.5034655147424625 -0.30745206095581423 -0.7859560950844302 -0.07363836164346882 0.1250754228872588 -0.5829309319813403 -0.391875405320917 0.990260331639359 0.3987620390491189 -0.3181761099536222 -0.22193723419930955 -0.5053707309423723 0.235756891107189 -0.20531346549583618 0.10618231661796274 0.4534761593242471 0.5895674858114714 -0.8426358622123498 0.7671548048095387 -0.17753171048735372 -0.2954150428271307 0.5298289351943581 0.6411165143582469 0.41709479115011305 -0.6196613160448248 -0.16048774855875503 -0.8081639091842041 0.9217832786663673 -0.7998749438503421 -0.5257199896276255 -0.5529570819123695 0.33526564801440406 0.01967240643913981 -0.7891469349595948 0.6925491151735885 -0.8451572314433224 0.4013793142221729 0.9817574095126538 0.31026974502880544 0.5493064306467828 -0.4205669543059416 0.901057863636108 100.24731499598124 -0.7020101359822069 0.06383789164337217 0.3965237700488886 0.025739588815701264 -0.03541860239126593 0.28061185337533634 -0.15387107358384688 -0.35519695021477404 -0.28095689741004404 0.08560101929467478 -0.5159468689384845 -0.5699005170917033 0.0567833958174897 -0.14921216138344673 -0.34014146493550945 0.6972381577323701 -0.4290790174934018 0.8604496274169671 -0.12362181554168017 0.18608446160660486 -0.7760625498521281 0.5899660792467747 -0.19393229074764484
-0.7943871546937133 0.5481911370158434 0.32672149763386726 -0.8377288352588013 -0.3537885866614905 0.2776069814147022 -0.6729729472672801 0.4777703701439213 0.4607299306596726 0.9984613305179939 -0.3309603506824508 -0.31058108292319764 -0.4249464397014333 -0.8028339155429818 0.19055670470100927 -0.44110280131102253 -0.9001158484465144 0.3320064382466692 0.2968545854217166 -0.9395730324290592 -0.1735979944119712 -0.29216117935492636 -0.22947986145822652 -0.10578832839491215 0.25997579564132667 0.777071091725253 0.11227366951954143 0.42262418898123144 -0.5271545946341893 -0.7115207597204916 0.7367178994551269 -0.6311721934980647 0.47953017131379316 -0.07413715967358803 -0.4287771794952808 0.7550996459134587 0.2043158369922884 0.8069349303662785 0.670208829155807 0.4040290577587655 0.6807336291449493 0.694346896606006 0.12067744922188872 -0.11392347445274398 -0.21648386456864088 0.5802636595055828 -0.03958839248140156 0.09683844032728484 0.8496435722137357 -0.08827822086726611 0.9143898440537499 -0.37470273483333694 -0.33250771599621576 0.7797268489286175 0.25049330345475784 -0.9915091911613811 -0.8074930093758361 -0.5323803597189758 0.42156735103703924 -0.36282575296348374 -0.7705069510052442 -0.14429070815380451 0.7187922780147282 0.8005675608837772 -0.7398169190856432 -0.8050939130268353 -0.7873838625773701 0.6429890864030396 -0.20530946688542406 -0.3737503378798779 -0.40541084138405337 -0.7087719974280209 0.9849767685757871 0.8078654808227097 0.46676121955388705 -0.654936709911081 0.06487761988531426 100.95095110714948 -0.9423360506204073 -0.8317537438752884 -0.36702474364171644 -0.8006981312030896 0.6397368441963525 0.7182349436685556 -0.1851435550221281 0.13158015176984206 -0.6026454934677699 0.2575527151021759 -0.3843918528702457 0.4429374487505049 -0.2106661859529091 0.3011440375794239 -0.42524247110077407 0.9379590048537234 0.4686453014532015 -0.3099016465883344 -0.691534161411278 -0.5918246500305104 -0.3916228210606183 -0.34399740945765767
0.3579637281720345 -0.0830442324006535 -0.784234348925114 -0.6240557494541594 -0.15181576622076265 0.5708109698604853 0.15138994766516656 -0.4306765770300267 0.2519889295524669 -0.8422963997517952 0.5052578780180685 0.12085453635302446 0.13239196505348994 -0.1821404006406142 -0.8746006581286998 -0.9908565112766998 0.9122072145842561 -0.7462484700406897 0.35687546309996554 -0.493465845381611 -0.1778631084108544 -0.5930958159191215 0.866958043402964 -0.9359867582184869 -0.4011034200199375 0.9638204361390534 -0.5850546740100133 0.33931064004537403 -0.658798714285106 -0.1628515459663693 0.8502692248726702 -0.5421384847121979 0.14805176942692833 0.744294616981475 -0.6673874941953282 -0.522113701248412 0.39109548088576007 0.7556369869412138 0.7357995032213791 -0.014300823284451036 0.5747179411628627 -0.9727617319956257 0.45895816987331495 0.867424895313671 -0.7139028883744405 0.7828961938687586 0.1068618115789648 -0.5066560766969648 -0.059940926623568425 0.13399916840794646 0.43373309890999545 -0.7939843894879082 -0.5879725980203891 -0.9407513405212091 0.4960016428059377 0.9559456094529619 -0.18657796251487424 -0.99384737854387 0.972770274485933 -0.8916448129062389 -0.19270330173164996 -0.8111803168807898 -0.8537594612387134 -0.3416359873614856 -0.22710546656328212 0.13813014838210358 -0.25397367234624624 0.8410995285380656 -0.6799193089708044 -0.38192790651729003 0.8694664476119898 0.21456977125401044 -0.3939749052630179 -0.43405846261404823 -0.2819356001628568 -0.7186987914432952 -0.4576818585903579 0.5180510614282292 100.9324266416901 0.8156055519227547 -0.4479953374422445 -0.5117985117340726 -0.2775977676334245 -0.7399428417319567 -0.4111469322904504 -0.5033782144142105 0.31668543594782594 -0.170379341764336 -0.010708981443040555 -0.40707065258657815 0.844740671862076 -0.7607295460781411 -0.6179127527178938 -0.2375782081864639 0.38286841432655416 -0.7721740821431922 0.8928261921634353 0.24564014340093476 0.9788845437344116 0.6629164159679688
-0.34912501936898455 -0.8069417898450577 0.168518385996421 0.9783132779076851 -0.5750141523441381 -0.537806069123804 0.11502079128051679 -0.3100150348487909 0.591677505266148 0.5454302365717243 -0.7044409441520869 -0.3110546942106953 0.0447753241575819 0.5739897390590092 -0.21500971958545478 -0.43496505183918366 0.03435434895195155 0.2846404006507124 -0.9590800040702416 0.13903190112485175 0.8692026400479755 0.031869340330323626 -0.7395447871324186 0.10313901094151823 -0.72401872169094 -0.6192996003966074 0.49503317389611845 -0.9835064453316535 -0.6767684508492173 0.6078917573606253 0.40270941507593583 0.06383516781120524 -0.8097103197367652 -0.5902197030310778 -0.3793883419746884 -0.28880553843780965 -0.7021399748825656 0.8980629659408852 -0.7296656055345689 -0.2089505579770179 0.5373061278569145 -0.646907232540952 0.9979163499070636 0.4888299025161431 0.8397867388531142 0.2730983041557362 -0.29262926353368224 -0.6085677698317686 -0.1402162780734053 0.502451356916596 0.6561548653732245 -0.6354149631234476 0.5197018542783456 -0.7518820165535034 0.6580186214493289 0.8062278608775553 -0.9395466556275003 -0.5981367674598845 0.3637822483055988 0.839356847739289 -0.0031722458011975707 -0.7491846483743478 -0.7242695617995065 0.09382560559782349 0.9075316747818925 0.7060339193976939 -0.9430308029387671 0.24876362727439427 -0.5774354588917254 -0.044313763272302964 0.08451023438043093 0.32940516550439614 0.9418600060408908 0.5344176107522396 0.832709540273668 0.10738196139280465 0.6386475088940262 -0.36638617444814536 -0.031295125845893335 99.9078900777074 0.07466269425677385 0.030190104654321148 -0.35944213488109833 -0.7188808248590977 -0.3309697122386721 -0.506851472286032 0.26896896576192897 0.7167251212645129 0.9621504727311563 0.3431216925260394 -0.5597543089679213 -0.7485056777336379 -0.3468340317265157 0.6493054932695013 0.8885598837831385 -0.21299552204574268 0.005884312536631464 -0.09103282453874173 -0.9913368930660649 0.9857384871468884
-0.789511285055918 -0.3333704429527484 -0.8370538100147049 -0.2994593838080686 -0.6686122068134641 0.01803153214494735 0.23735587003717074 -0.5894165474888298 -0.31821218464037493 -0.7305088900946124 0.5554411947675597 -0.7980525712860811 -0.3032575411022489 -0.23560918122236552 -0.7663706105083061 -0.9806716542824612 0.7331211374062692 -0.852559525974478 0.5133959696544346 0.25497726045674307 -0.5138808164433577 0.8146236185349387 -0.6383567664016643 -0.6020940426989567 0.44931171147211346 -0.18513386785177066 -0.7777238154956909 -0.3913964582965406 0.7355843909459081 0.4558789444207836 -0.8821128326047463 -0.9951287485659497 0.7504059785114912 0.9636027482171643 -0.37486547049026653 -0.3802684416269615 0.8149166906682637 -0.7584631023314794 0.5363110897224179 0.890500997406299 0.6178135783745684 0.5368681332378988 0.8260431614440855 0.9842461757248167 -0.932078856937812 0.6881322252988211 -0.4453377449653828 -0.9509511822534575 -0.41404602120661504 0.540410701448486 -0.989814983925158 -0.6121084446729899 -0.5674356223745787 0.4840352044065266 0.4544715473367289 -0.8712812121585787 -0.16756864472430522 0.549236970960151 -0.6039659698033892 -0.19542740204658515 -0.7733375938702678 0.47864453512288363 -0.7353364873260906 -0.7160496824060791 -0.5652779150544369 0.20212033155476594 0.5392957793561592 0.01495550817605884 0.8147747875570119 -0.415682712458469 0.2524329262059546 -0.16296357322600152 0.4115103533963429 -0.041910558174320434 0.2055605691955289 -0.6822448058700028 0.659030195542105 0.5392645327858514 0.968585591056214 0.5851990008111394 99.08946773091633 0.9332967808783874 -0.7323860527022505 0.7546147852898033 0.4280924138357147 0.6386013848074639 -0.8746258371486142 -0.5104510345902835 0.36516454257184305 0.5055517413155606 0.8788538532819556 -0.04419798982177481 0.23148312916228808 -0.4225657114026764 -0.5297671630085994 -0.13933088740328903 -0.7347761173606668 -0.6096913692278756 0.7653364497122765 0.9116292852357684
0.64311616240606 -0.2668233027432574 0.1972505831877891 -0.04084198643491699 0.7111442364390104 0.9529188950412457 -0.11325004411447859 0.6908841022112384 0.1624245601990555 -0.01659904408035162 0.5834770292458336 0.020812990451268165 -0.41397835502713565 -0.9083873118611234 -0.9389510797121652 -0.4137410850378138 0.48994334794385797 -0.24056165741382762 -0.58420264452737 -0.7360359717219496 0.6532084251422916 -0.3014033303875343 -0.9875297971508008 -0.06829677406436452 0.6264627890356871 0.963455160180954 -0.6798757361120862 -0.14878038663999327 -0.49645019912531296 0.011839347062398309 0.9627324762390181 -0.5968681098967861 -0.8773447270463117 -0.37286782122824436 0.9200026365206306 0.5588676998948712 -0.5892708403223199 -0.028713958579931864 -0.13865025671186104 -0.9161667869953296 0.5232090552723441 -0.06445717513601634 -0.9347897454276171 -0.005891350136223217 -0.61821446995895 -0.6349498832563596 -0.39750406594740184 0.5231473132801288 0.9905023359869869 0.5267383044205449 -0.24557475676036566 -0.4356717619954502 -0.45371120220805183 -0.5381601753634024 0.738233983397725 0.5657564126288508 -0.7388405748783451 0.2587072199634566 -0.5083008671854026 -0.3402959461106132 0.17540841758717463 -0.7864293682521928 -0.5223018716036267 0.4812464099434952 -0.9093511316480041 0.15426236770392476 -0.6480327912386763 0.1131426793490038 0.8107366560194547 -0.4093530083162813 0.2239252349749723 0.38248780741316546 0.90768182783732 0.9022033128925682 0.7941267747383454 0.14750297671621526 0.6471444655161953 -0.16294488792175654 0.4880562654578515 -0.8711710604297416 -0.1628780041051361 99.5843628692955 -0.21469295091078844 0.4719385613693239 -0.21742831186199352 -0.27389456650632504 -0.7943208841942004 0.10928363695670074 0.3847197749415092 -0.3287298740308211 0.09755871711442121 -0.6558178851885688 0.5112732456498719 0.3488570003342537 -0.029985300684550298 -0.5511705572993648 0.21728428436738523 0.8668144323729212 0.6530998873106175 0.8256039240253077
-0.003716657486015462 0.45441559493637507 -0.7749108314450042 -0.008316367132978897 -0.08030188019631157 -0.03235956224369807 0.8315095303925102 -0.937941143633316 -0.39880537865733334 0.12917014912719504 0.16871230291040917 0.9422713188855063 0.49900257178750373 0.16821219274194132 -0.29626705516451723 -0.2331546611166353 0.4204989224005349 0.07742654056305853 0.6161397165003504 0.581517820659214 -0.5224737790915399 0.2824357490951701 0.11014389595932683 -0.37733701706324796 0.9932787337111426 0.05803463978705148 -0.7423391888942834 -0.31958251337219057 0.18875423380822776 -0.0040878239874866384 0.8540087057566004 -0.1437431517302541 0.4365530130622417 -0.29059182553355667 0.253946894352993 -0.20051010423349047 0.668621950501052 -0.7795796212604773 0.5274804600375795 -0.43741699729525374 -0.8745988841142982 0.1364078597796936 -0.24875813130784907 0.12170570666143132 0.4806343219300768 -0.8311965697007389 0.39902475917360114 -0.6457933020506583 -0.8031074963871212 0.009668719791231295 -0.14287367080312685 0.007741136428475626 -0.6338105261466669 0.5458570107394538 -0.4344632590579043 0.5001002670107286 -0.5839364018030191 -0.3525158679807421 0.5657548412556235 0.6778386682322819 0.7405652068029833 -0.9498472594350611 -0.9436589078629287 0.7997581768346764 0.09646431470571204 0.1265909547234021 -0.9905218040959203 -0.2514858793649579 0.6839088286729236 0.35324344430337806 0.7102436219539037 0.6634757843303443 -0.6474476677608789 0.5892559785464693 -0.9731946261836093 -0.9075994023280058 -0.4688984596904495 0.462866787127614 0.02555338984784883 -0.18990904527605434 -0.2033016824380487 0.9340649765804658 99.05591674560436 -0.5086593548273823 -0.18349480659086592 -0.5447681220883771 -0.0004819783914102871 0.8018570882309064 -0.6053183991755937 -0.8191797429522867 0.65591037628308 -0.20679509686082098 0.9192776138997858 0.6278049027194139 -0.23758015353371253 0.8375467148180742 0.490415804827796 -0.19294050873643154 -0.6264068307830755 0.5777547193901871
-0.7814927075728761 0.947690070538669 0.8424477769508101 -0.7121364988049748 -0.60258732171579 0.9119882397953014 -0.25402462879459486 0.154318420720011 -0.6539525219985878 -0.9221229841123944 -0.9714625127085779 0.23864641188103053 -0.608706608762714 -0.363421550859514 0.9718679055247001 0.02872331271492179 0.7494234624074902 -0.5453268842962831 0.8943651813341686 0.6473722655871712 0.6327763505754223 0.6828912444018915 0.3336062632489749 -0.07620329720238561 -0.4178786235346241 -0.29805953257357976 -0.3255175801659611 0.5542430189331089 -0.7741610361757523 0.3817313578390995 0.37198632747129823 0.11213200133028356 0.7412878028510823 -0.12623350784689258 -0.937403416327512 0.9793272773211446 -0.5087131147005641 0.8713985530521517 -0.1064369457548231 -0.3498514312136536 -0.7084749184331394 -0.1555426031015199 -0.2606959323144833 0.10062766906804566 0.6010034302981282 -0.9999750381661687 0.7055522106433381 0.14195880778444936 -0.08471487541522715 0.2710969431769932 -0.2790690076212883 0.17339160924510155 -0.009415076084438034 0.9726041812202721 -0.9188851587837734 0.7813934136193457 -0.24351803676158967 0.9636803636859674 -0.07594947766758708 -0.37932114217042057 0.7879131313669478 0.5160342944432414 -0.24252824572701637 -0.7072595591285336 -0.8726561323267408 -0.5476776083957804 -0.01639623347085739 0.7560828567681817 -0.7093273312259092 0.5763023053711871 0.7319571495126118 -0.3387414105540538 -0.5278782378328479 0.6806268656072929 -0.5133533252996416 0.7936588099807347 0.7228683268999443 0.8871978724687914 -0.09059932831509565 0.12105523953077402 0.8741077267095418 0.5533459717109366 0.3904207096536647 100.62989104000116 -0.6749235715934796 -0.11626802224103883 0.7881361829506279 -0.031513994042827065 -0.20376864338691125 0.28191508121052067 0.3118631258904181 -0.7507040494901884 -0.5133945129581516 0.19962098521621452 0.6068972529746286 -0.17642282430656464 -0.9178890852523682 0.8422967361691409 -0.9771973991523168 -0.44503887908958584
-0.8898270058800795 0.5454028404901414 0.869656038825313 -0.3932999173140934 -0.05158373272328576 -0.9626551930030463 0.5182658090220635 -0.5759043862627109 0.24831898313540246 0.991552054329957 -0.527477872238715 0.7709730217276134 -0.5971364019574963 0.7482070614884504 -0.3198230245727838 0.5183974132838021 -0.6182880423176542 -0.5563937500454337 -0.19948927135510575 0.4608021190203686 0.3029135047389748 -0.9737638487765803 0.27087861541264124 -0.033672099288669655 0.4778364521272964 0.7383435318374414 -0.9684246284516802 0.3959438082658049 -0.036922242779495074 -0.7158793866373212 0.6796321770585936 -0.9093587443471913 -0.5498406504112585 -0.6366794170082708 -0.020423764118980836 -0.1810178416120629 -0.820514029074634 -0.9361452163787309 -0.9382381889753522 0.7298466372178369 0.22097285330003813 0.36727309922496554 0.18075719179478433 0.44495741272104383 -0.41605599007388827 0.6887103622664283 -0.026361444974454473 -0.814081167932188 -0.9670037920281915 -0.4688808797789048 0.06292571084054299 0.8822894529513097 -0.25273949293560105 -0.3681506259871772 0.08394736868882613 -0.41974889288941575 -0.7419634683498801 0.48853915884781207 0.48556957390573263 0.23956978500500026 -0.4900554962387509 -0.056860581906256646 0.8066745573019798 0.09696026173590577 0.5440262675055896 -0.43031833764246086 0.6596516531913104 -0.5574084474423995 0.9539023570715639 -0.5837696963179742 -0.5096494552851754 0.31808507751770976 0.5350044830198248 0.658290584590651 -0.7660866559825152 -0.573345711269573 -0.6088797934778767 -0.6383675798494459 -0.6660840291112522 0.9622401497642139 -0.412698235930824 0.5906986240169743 -0.18111844979493585 -0.9720805018083973 99.88225149277537 0.7889519603388957 0.47923764032945493 0.6942530529463491 -0.8838200915341612 -0.09962391198000153 0.26310596013816 -0.3497445173435769 -0.0025581743400402424 0.3689987546485891 0.9808343306103573 -0.6340590441129768 0.2195262230192947 0.013471726526552041 -0.9613417877940864 -0.6275617288968263
0.4129179474916105 0.7867208689159122 0.47212995585810247 -0.18408992618936515 -0.6232732778423735 -0.588561603647485 0.6377362997094655 -0.2987130959959554 -0.4738369821279014 0.20554987319246476 0.13019957833745877 -0.42693395884582963 0.24445108528995996 0.13236304202285432 0.09761084117606389 -0.3064358221061825 0.5116107833181343 -0.7609317310560466 0.8134406286684088 -0.4903018855816792 0.8516433244805699 0.8690514385241226 -0.1507698191355813 -0.8834772230180592 0.6339970168634679 -0.038446774154493824 -0.5772029277761874 -0.41012910683938597 -0.019934143359846335 -0.7234062233577756 -0.15193238491500183 -0.1074998320233378 -0.5153644225082239 -0.7201179740335066 0.9966030799996395 0.02734084839807971 0.4392666381132935 -0.15121035184817044 -0.16791304792399897 0.11628496532204835 0.6050508510699977 -0.22785559699889846 0.3809983550877323 -0.12996898506890098 0.1981297972228253 -0.6556543694333303 -0.7860164140029742 -0.3581241259117496 0.944506923725299 -0.5201892273332034 0.45613416545328556 -0.1819224564959705 -0.5392766159369142 -0.43909896645135804 -0.8732687712072069 -0.6007590020110378 -0.6730336801201535 0.4223615225839674 -0.8967156618521248 -0.23040066192283382 -0.38238795703050266 0.38697867578898637 0.454417895591404 -0.027001983330051216 -0.9626998438338339 0.27893303065070585 -0.7989815356305474 0.9587505852799165 -0.836201792722441 -0.8188443646278523 -0.6041881177979112 0.04991548050148453 0.11770457910339394 0.5801292456976928 0.9334893342663555 0.2020801242623913 0.5764802695406923 0.6324666207188359 0.5060324976411779 -0.6097157080024658 -0.05725231131923403 -0.4755788431033463 -0.002485304670712507 0.7561522642078944 -0.8104042793824604 99.18161301121668 -0.5480900479457975 -0.8995352750592607 0.1398444059254882 -0.76458110368794 -0.6423928508310441 -0.3193929653250358 -0.2543027110990772 -0.5552149238559687 0.2514687643469329 -0.29498301680927863 0.32243278818626453 -0.7481698771401248 0.8618395792219495 0.7198953821211105
0.5405978208565885 0.6838510753729863 -0.5500092316244884 -0.7841745045320219 -0.6108685379358085 0.4448983441584531 -0.8128698967101875 -0.22174684455280613 0.37374359044996797 -0.5169034761611717 0.4230095057348555 -0.043534543107444534 -0.4928383969791261 -0.19164387782531245 0.591133958862772 -0.9125201350612611 0.09292074665488625 -0.7526368920503335 -0.6328711043771635 0.47788304916400337 -0.8688043515050388 -0.3765333238794384 -0.9694359127276457 -0.6363336128555308 0.4585843013146065 0.6122384324152408 -0.1071627379924156 -0.6704144781219563 0.4536643131689597 0.9772452538145218 -0.3162254504787321 -0.2383621419343629 -0.6223717152913562 0.6876740733324636 -0.4365451194609635 0.40418323545117363 -0.20949016316397318 0.32511408726013924 0.5538163746868392 -0.02590264445038959 -0.6035349013729319 -0.5220956766533342 0.25207810429388156 0.13884989262796155 -0.49386806416487183 0.9290321834046469 -0.7287577388112836 -0.042925179162550675 -0.5737357695173873 -0.5952794750491615 -0.5304257826747822 -0.5704841578182118 -0.07997383454366003 0.8029933149737247 -0.2854811629384475 0.03256378091982781 0.002003042530029253 0.38179454437925475 -0.7441115107427352 -0.6996664709214628 0.7674750229737586 -0.32623600098144534 -0.7791350966754633 -0.426565786252632 -0.4620300067304475 -0.5126191980265935 0.3908144377616831 0.0075598766790485605 -0.7516981667105298 0.7096258837689822 -0.22445851806061623 -0.04341659501077699 0.734859513754593 -0.46784012066857117 -0.6326753649060728 0.353456113960267 -0.8608769786311745 -0.4047514053502881 -0.7351978351981896 -0.9469487507443137 -0.6406743432413047 -0.22385586769228705 -0.42090735628422404 0.5649920730414257 -0.9735539858746054 -0.6320916144158233 99.83945626446884 0.5125916591662287 -0.7875812272149101 -0.4566109032592367 -0.4344850238889435 -0.4502733924519011 -0.3954195594737342 0.06858124108736874 0.6206339424482927 -0.5523575351957302 0.906810119681944 -0.4522706635997029 0.6384817902530833 0.07659290372610328
0.6419107356866554 -0.5765244233718649 -0.36860977683618334 0.25577460585444367 -0.14482222629856234 -0.7191138762274347 -0.9016167552909313 -0.30958251318146623 0.5913447936706009 0.9586835861286944 -0.6112925216622074 0.24122041962840024 0.30921989998041544 -0.6601236761995928 0.6646949846666919 0.7757209706045567 -0.7836986222494813 -0.4953485808499116 -0.3969180721233554 0.5682667934536081 0.3128634030038673 0.7562264522404589 0.2211636203093319 -0.6302826690265424 -0.3410818024405824 0.18128524837646998 -0.802163925931002 0.26458940474911397 0.6230241973940809 -0.07384102411081583 -0.2955210246399216 0.5405557070913423 -0.10087382581000437 -0.7891251334647353 0.4962456209250661 -0.17166145661298193 -0.7464472846213932 0.7676433590100704 0.803823101376687 -0.31304694797085864 -0.272622320349295 0.17960974259328366 0.8415894274841902 -0.21501730611600278 -0.3261284394462096 -0.31542965409617474 -0.9811315449975748 -0.2622401504340359 -0.6258799731084208 -0.534721514811197 -0.39749094244046645 0.8474579780455225 0.8059919803185913 0.5218937261011081 -0.7234160676415304 0.2823773853621796 -0.1360914493598917 0.18840732183971642 0.5360225234594593 -0.9458958208867339 0.7647566669291737 0.8731928284951798 -0.9395640934017968 0.8258454097929551 -0.5825566612671755 -0.30434006879074826 -0.2699518827041374 0.5928377662609048 0.3965359953323939 -0.7631671793463681 0.08562572185123463 0.1314049753264408 0.4250012734410027 -0.6515091712625738 -0.5672911169111872 -0.04932250764982404 0.5550505654316324 0.8340306755932554 0.5916376923761668 0.33814877526705245 -0.527226414232332 0.9890716988454951 0.36246302158249666 -0.6604184603602536 -0.14962764762411163 0.3925412235843335 -0.7177914544035262 100.83149743321255 -0.0631243819988565 0.8221086483722286 -0.1275416836181409 0.9582418483179531 -0.867374227620785 0.2450998876901902 -0.10363808498652816 0.47716734344362965 -0.6398223533407914 0.7596049577038926 -0.5363609999605985 -0.35611856141461495
-0.9439876580241888 -0.06606794074374078 -0.780642480015517 -0.1167960457038304 -0.2661662167461254 -0.5073627738460376 -0.9917752195894611 0.26389587847970364 0.9490976219099934 0.20806413483767439 -0.6377653257510134 0.2804056437136473 -0.6530278867878216 -0.1062685805576511 0.538076692744663 0.2748158251966377 0.45111383567332575 -0.3238050239979777 -0.5944455207140373 0.9124074594749854 -0.16139884571849117 0.3554774829361891 -0.43051277146905664 0.037328606765309136 -0.5208462503964095 0.05986435682709401 0.8280880061105431 -0.7904944076789417 0.8399293543150175 -0.22290256034931732 -0.5474240323954003 -0.01880646242051842 -0.7039059630786997 0.7110933453452732 0.4400612557874777 -0.6288469570636759 -0.3482246009838401 0.7225680735577478 0.6411027613658777 0.7426039763974293 -0.6394656713306117 0.7328247524154141 -0.40472802130057217 -0.9530698165181066 -0.4976303168362717 0.6152251012321399 0.7249786993885075 -0.7113226394663956 -0.4019719547860807 -0.6027793885744426 -0.31586603019052073 0.6771587456928323 -0.3703164009982207 -0.6766286246034652 0.4307344983038117 0.7197511756736494 -0.7075803909727134 0.28082553982641234 0.8661602909692179 -0.1412867504749249 -0.8062076393967978 0.9015161032831456 0.3432462610142133 0.1005816801066357 0.3483397212371566 -0.9246785239443356 -0.7545807236659847 -0.4142190165680757 0.8111423625771346 0.6954283882165673 0.46310080710049606 0.37529689171753766 0.38575567772807395 -0.32479503744075466 -0.45841669476111924 0.2682538689309899 -0.44793457797071135 -0.07212300657783044 0.9042831873585777 -0.38063562009897955 -0.2530597330096176 -0.895838427753795 -0.9833388230038822 -0.07590510572283615 -0.05930169051245415 -0.8638078631862416 0.36715513099335784 -0.9680064077100707 99.90034122135596 -0.23271390047629148 -0.7789605782203417 0.8156361364906148 -0.3612243060628797 0.2372798916884129 0.8459327065756848 0.17024650451812473 0.8590898876931043 -0.7478721186838104 -0.45409488133415077 0.36624878473817124
-0.9654078411130955 -0.7132742052909067 -0.8656862898949829 0.2424004199655445 -0.4117168216408269 0.25827455308784275 0.8213066778719491 0.003526469452376446 -0.6691756164969178 0.7348358542734497 -0.6656493786526463 0.3979953571269115 0.18382142505423738 -0.8150639277164315 -0.49212528767323205 -0.3825252758142832 0.26369810579138386 0.27482747674268126 -0.10602982841656483 -0.33478515698660916 -0.8151283809421044 -0.042916185563678155 0.2978375703399039 -0.014276527806109884 0.3917506056963591 0.30977895247955556 0.5149604773713736 0.27304649501717804 -0.3764277558435738 -0.5202107165018004 0.6057363157722422 -0.3139205569906469 -0.32753816815737946 -0.8134149893163967 0.07803586389799011 0.1211797383632851 -0.6157977857405035 0.46117682948298944 -0.6183951364332405 0.5763500988228247 0.8161319901587447 -0.5709163984919212 -0.0354248688072738 -0.686342656743447 -0.7984514633459481 0.09771154560072892 -0.5113925275436997 -0.8520127178718329 -0.5228838068357236 -0.6871502593743355 0.6798356796500924 0.4332919384251175 0.8119933351781261 -0.14422852311077494 -0.49348583850867733 0.7852248125797494 -0.14142408171848575 0.2744064055811697 0.5206157504313256 0.9289770786815603 0.11950521295689787 0.222592360754734 0.25255064193736376 0.24369568852699808 0.11337164544517386 0.35909297941929585 -0.444274169899207 -0.3975111290877442 -0.9284612394834713 0.9949127696136995 0.41775829379752616 0.504631525007744 -0.7318093602866673 -0.7979631599765449 -0.38177885102551046 0.18834297137011102 -0.1227297468710089 0.6533238183561014 0.2831786235099527 0.09396285182892394 0.7682132165439768 -0.6864240926700578 -0.44591487677486974 0.05615653096725781 -0.8338607432747369 -0.9121941732111725 -0.07044762734821708 -0.7568794159576373 -0.976285855803841 100.49501287171026 -0.7045367703080414 -0.12339793100026197 0.18450405962718097 0.7438627478475148 0.6196092642700455 0.20517459648799496 0.2794664052933744 0.9100517274245858 -0.8974767177668967 -0.7174149337595728
0.04061346718940784 0.1194502151748289 0.839149495483511 0.7771994905110258 0.2731426057889381 0.6944836167996267 -0.753615620474507 -0.6537017044038806 -0.4206369138918833 0.03341128709711927 -0.15321649822084416 -0.004693467636633031 -0.17520844512992673 0.33368003359888054 -0.9485153084092548 -0.01518202380310818 -0.7530140386987956 0.47900370201127385 0.22845576803443746 -0.9679308808601101 -0.5484001813901247 -0.5574197983801112 -0.6230304112322926 -0.5710830224433827 0.7515670455633292 0.28407303467020584 -0.864091959878764 0.23668517063231698 0.7707630719768239 -0.10638363616744884 0.2850968617577345 -0.024034768469331613 -0.139977318362428 -0.1860384272615363 -0.009339565072016942 0.05760975299488136 -0.11044401601491893 0.21243420573365235 0.5944727957209617 -0.15170567841360794 -0.1453074792684037 0.4461049493553624 -0.587335610998051 -0.3575568543560368 -0.9356245984200335 -0.6276576534067893 -0.051389236412438644 0.4282853808992666 0.07236018929704358 0.2721302735260298 0.7821252901274083 -0.7817937584510855 0.9090033989888306 0.29693946249316183 0.7511500960125581 -0.442212691900961 0.3117401829273303 0.20582650523299928 -0.9446581062416111 -0.32785917846182855 -0.09197391974477331 -0.5789446382652659 0.21142485753785212 -0.6633505260558965 0.7045362366640888 0.2621761004654757 -0.755247919514825 -0.7336262393879445 -0.8323694757576381 -0.3440758750178905 0.7767832398123324 -0.35402031839222325 0.0488667716011264 0.2896851823170292 0.8426204447573622 -0.5515540990358221 -0.3549643731007661 -0.6976680944838427 -0.21267779909078666 0.6030448266998165 -0.7950219499143651 -0.42731744386381343 -0.7730659496302721 -0.7609963607425894 0.432907071249653 0.10943656871979313 -0.8865799062278679 -0.9294651641348304 -0.4812533246016504 -0.8254699032131458 99.14818816012703 0.11145614492391687 -0.15766283922686708 0.42323883011890806 -0.5478431935648593 0.5445363415525577 0.971084525398392 0.6539549921280361 -0.5410034142677256 0.6835675487295723
-0.8334835522133786 0.04044353062085526 -0.9152174712764372 -0.6789553451280508 -0.5886769167098642 -0.5943149857073209 0.23244752665024837 0.8138780425641674 0.9058334395953433 0.6276301115891711 0.6819620200226757 0.33835826228047927 -0.8566557039464153 0.037062837967216655 0.6386145365427218 -0.5332287353113818 0.38524857382425304 -0.7410908511013865 -0.3337479482672985 -0.9104016749568296 0.6922668016060036 -0.5399595708213882 -0.7101640606682116 0.8026273747642159 0.42961123554850267 -0.32424849324130656 -0.9192522595238326 0.43552563347101936 0.9704285943282489 0.6489578605181208 -0.8477134550943062 0.18060796731139517 0.8996347492672898 -0.6874798456495288 0.4765797455186398 -0.439418767672519 -0.44058497092388693 -0.09867870224014874 -0.3246652393273075 0.35151496718685893 0.06712016841996027 -0.538857313782579 0.9204769927557315 0.9965199427336799 -0.9621204872459117 -0.1212642508274977 -0.37480596754568185 -0.10324430181445998 0.7562673372244513 -0.7687392910467239 0.5229769797508763 0.9397605010662327 0.7702671667390031 0.3981672313713003 0.33843989639661887 -0.8845649215922977 0.6682437212384718 -0.7845910026625951 -0.22774977671853036 0.39782431073280056 0.1224511723790711 0.8654018545867312 0.7546034208286347 -0.47066909731183837 0.6790138831653794 0.3444409097902634 0.3404327296291152 0.08875467465725828 -0.4343074295938858 0.09756088576636368 -0.11348407869146415 0.9161626072999474 -0.7953731243391249 -0.1450096844402129 0.3494704935869206 -0.1785483348922372 0.48563072305235244 -0.1810807827499552 0.11280287337304862 -0.3264136515074447 -0.7971188703248258 -0.8546547509879416 -0.12051153333157627 0.23145638910136168 0.6246814481755978 0.5162737205695827 0.00652079864479016 0.049762758626365144 0.9316023868197458 -0.8653912262523495 0.6074964120250552 100.8158712439247 0.6108891340842653 0.15888247883404438 -0.9726287186579039 0.7750081837332345 -0.07866572164975971 -0.9140769376096105 -0.754729703552601 -0.5602532696889531
-0.5903953945711178 -0.6499958504091867 -0.7207606869798893 0.5230229514122009 -0.92301316721494 0.5343552730165471 -0.3423768967920875 0.7694140184283382 0.0957910609436532 0.9437304261502499 -0.9589980683555785 -0.08864255163285106 0.27473652285670513 -0.8738157081657565 0.9007017739867786 0.02080302071698248 -0.03692245542132655 0.27753813225348756 -0.6521516279498503 0.36578390615548884 0.29448300609981604 0.8455039139204126 -0.6813915911967354 0.38498950464964476 -0.9883354159614455 0.8370093291099541 0.610079576529224 0.26473276676474344 -0.45086602520262753 0.32732149001905375 -0.797894513283709 -0.2949726879195411 0.6071109167728623 0.4792169720734123 -0.11818395564061057 -0.13947414887482412 -0.9466206370626313 0.06846036719410176 0.7199299258869554 -0.8563313137120259 0.4212186428603444 0.6371130498259643 -0.19979751090016573 0.6576080497548327 -0.9701491274494245 -0.30583919329962406 0.015125145819911978 0.5441533912885383 -0.6851251302179082 -0.8341874873676114 -0.7324250570459392 -0.3435566585971408 0.971528680627221 -0.09245864082643207 0.2321082728236732 0.5193516049547873 0.67010677230588 -0.8666700452493421 0.4509135207998227 0.09602584650297974 0.026713270934836997 0.8756574809688318 -0.5876469180894544 -0.4760932519647385 0.33407478131899393 -0.3177924622679016 -0.9106337690632336 -0.6637598548121642 -0.9756125773637723 -0.605440955605546 0.2640211084120545 0.2563994327473147 0.963520953004775 0.716619416525957 -0.9829340240211866 0.8648843773589345 0.7037934591214667 0.13055805557035782 -0.44080624093499465 0.999078292616933 0.9342007840237019 -0.2652459859015328 -0.730620344021395 0.11762780140095219 0.24669410591134988 0.8272279878452993 0.7621170545325684 -0.511644865079603 -0.4149094744348232 -0.4124589971250041 0.17514261471551618 -0.6645580021464639 100.8822068235977 -0.7743485358501601 -0.6603924328729298 -0.8713289367474009 -0.8256301897992955 -0.1184583022545922 -0.9806154497890109 0.6351143673279589
0.6241503558186341 0.7006650262436125 -0.7753633735579648 0.563413222994779 -0.7401809797996743 0.7205552455343922 0.41322052790877484 0.4567162045700204 -0.8047990721883731 0.27844560968537935 0.8543290252005922 0.075158076770377 -0.8331419371190085 0.8294094306860691 0.46023533073777645 -0.9752527796822688 -0.9486978351333417 0.8815246784047941 0.04898591249531292 -0.0978855469977562 -0.7446311781681894 0.21231961908114427 -0.15212682912109976 -0.19466180637742858 -0.8494046270253686 -0.7538913705669954 -0.543379159435176 -0.21074913090250247 0.9395933074952398 0.9987020055218163 0.5245715456971676 0.25004939602553766 -0.010530030984612582 -0.2874942248059025 -0.3252619162775763 0.15337343003418757 0.8463873335890979 0.975261779536315 0.6860026032415638 -0.3915710799634393 0.6212530032340429 0.7190832803465155 0.7096171273557372 0.8765761694367493 -0.6697409433451367 0.5568415755134051 0.7553749117114632 -0.5983335783766903 -0.5674798437095692 0.18230687225473097 -0.4744932326678626 0.5977569483845269 -0.6310798767442023 0.40276362478871763 0.9699603414461619 -0.3672555912965687 0.9651634751358364 -0.8089351969100158 -0.49371361605566766 0.8421985249766539 0.25111542132790476 0.021880113105249288 -0.12491966482715222 0.4353178918400429 -0.6511263156710012 -0.1348787467835797 0.34026751454841087 -0.1504105005907448 0.5525544588383524 -0.6136157122387715 0.9353748816203324 0.09040249437860215 -0.11225386234840662 -0.09235993819940336 -0.08208373375329159 0.05632619161976948 -0.24503404422469677 0.12276910056336776 0.9568685673194375 0.23219816366879842 0.3586905165337644 -0.8901188002403382 -0.10454661166918888 0.9484372715095797 0.6223910878666952 -0.05367926136520729 0.920683193155942 0.6972142140382414 -0.807270476733909 0.7015569498106826 0.23419099699418422 -0.5859606187589401 0.08279796511590032 100.30497610967058 0.897939906627605 -0.2541166960412289 0.10107209937467676 -0.22741497308408865 -0.9776503319948799 0.043188102841722475
0.07461663696161591 0.8068400599938226 -0.7447397461045406 -0.5463362576827167 -0.2968314747558578 0.6323929410587179 -0.2359751731360753 0.6824608392702274 -0.9547020087101961 -0.3021520912569795 -0.5673570269242034 0.026160609881384023 -0.28446898262028264 0.8375783140776243 0.9588487616105965 -0.9543690694055078 0.6444449288336207 -0.6847946074971727 -0.4714772972163095 0.6221786165763312 0.5012430377950365 0.8063808741482559 0.5901885110123097 0.37160348879811234 0.4736783624627696 -0.20915324026369242 -0.10799648599259193 -0.32780030289895556 0.5274849324342887 -0.4029950083718148 0.017074309620358497 -0.9609838418023389 -0.4085656785764411 0.38172761039164826 0.3378647045472569 0.2075301727285057 -0.4725802594995059 0.6665286546128482 0.1276366430419671 0.8656259211406345 -0.16236947110386568 0.1804272561011111 0.8352150865042152 -0.01699740373624703 -0.3092887454614599 -0.9708439943071561 0.5954919437589712 0.9014735523270272 0.04712939034810226 0.4596907182261787 0.20859049045240297 -0.565970281186208 0.7786317116505816 -0.277193902437072 -0.8655771849557656 0.330311390512702 0.02797538473650052 0.4465131446999244 0.22695188442249892 0.9764333685353568 -0.8792626169697726 -0.5036858004560527 0.10885472971065191 -0.13792292730623035 0.36328191748062166 -0.5623204956227124 0.3152217546367604 -0.5547738990697775 0.9842533947996308 -0.2252474690703694 -0.30336222688465875 -0.9493515686286766 0.9905756147306417 0.5767493131755177 -0.3247103244764573 0.7665548811868002 -0.6567073800151666 -0.7855631102871199 -0.8000197073711879 -0.4779520480039501 0.7425822475154895 -0.1686532257805491 0.7333546771139643 0.12813623171764488 0.6547392424609311 -0.6907612504088376 0.616612797584839 0.2565490176925518 -0.19544506469864498 -0.43672785125152114 0.3051504036363737 0.1142052094995678 -0.13252464705873424 0.5347137552504089 100.76215952373629 -0.34832336303775024 -0.38387501720135053 0.25805257501738166 0.058906020105985446 0.9734176871289546
0.9003003880655218 0.21809988119860035 0.25612077007794887 0.2658482577093937 0.4906899973558223 0.5419837260230205 0.7836131326090678 0.5461230597497488 0.4729433170978481 0.4566683268712952 0.45639734420231126 -0.13940890114369076 -0.9569414547492485 -0.4182540826151657 0.4548304006988677 0.5820954333893875 0.6911584722343118 0.47273880635870746 -0.5273073792123755 -0.6686971007648479 -0.5932966197271536 -0.10116514104225915 0.36113383777065544 0.008573422807456987 -0.705871173120906 -0.36753350016842945 0.743111054439201 0.7465767481193701 0.6022561940929105 0.5809444901413015 0.57677576573036 0.07169565385130605 -0.5916059489501431 0.8342663075522911 0.7110454926460195 0.3534967252988084 -0.24116965993570427 -0.01509732614492898 0.8154083394466134 -0.3820423077925599 -0.30794150850123203 0.9399719931958543 -0.9547023344107335 -0.30468311545802607 0.6102651078544525 -0.8971565638873393 0.10431168599934026 0.8836041549952733 -0.1283622873498551 -0.2217316075088518 -0.4772927071794777 -0.5653478746139737 -0.47813187435940563 0.5826800301999859 0.8762011873855313 -0.04380341596237991 0.8209195330323535 0.7843927358958629 0.6643966512853636 -0.9958571290593488 0.5844714823896138 0.8116583594742075 0.4501360007352344 -0.682196117368836 -0.13473918161005938 -0.8075864923139695 -0.10212490446486644 -0.9247880216951545 0.10202991399938233 -0.9867484536342288 0.8509790501814072 -0.5375095133601522 0.6096151302960404 -0.5706260881291199 0.8519199872802541 0.425991699237257 -0.42702133721874835 -0.7068081051676878 -0.0029930539040421422 0.7426413027186662 0.5613841628764891 0.16478326050153913 -0.5820193016747637 -0.047509642179264455 0.6575943773248385 -0.5695392843001565 -0.5832516773503065 0.7145126264057597 0.9371349124576858 0.9452061667632057 -0.037014314132240544 -0.021073666278064396 -0.0744616600291712 0.8368196933915071 0.5463362121168529 99.34761511434318 -0.9197273902882404 0.04076968891641419 -0.8879238304641368 -0.45324024511859107
-0.3918815256284349 0.6337964547045207 -0.4492911235151722 0.3510354882422557 0.3431904807437782 0.450001105588721 -0.858031245727926 -0.5122488070918312 0.836829600720256 -0.976447419591322 0.4905201333006439 0.3724753947161332 -0.4733000440554227 0.3268621079532623 0.3933049139385292 0.031108634397252644 0.9228263575832403 0.416320567789207 0.052354842831803694 0.017171616268653267 -0.9932567572787303 -0.703984310934588 -0.9799612366091861 -0.38629527142452225 -0.24211783604324766 0.9383281996161292 -0.1966223069307671 0.14299143801199632 -0.11327961623355853 0.3118703880795084 -0.39843606540158816 -0.1540955765513241 -0.02129090053053262 0.8623643804120542 0.7311005350731621 0.5961482028297944 -0.26261792018347063 0.36990862198713126 -0.6751188564091837 -0.6536832301509343 0.8921778526417614 -0.9288037181997166 0.9273580891165982 -0.31001062197076457 -0.37659038503339026 0.9233987369299381 0.14401729724370527 -0.5859513882593212 -0.91023322321788 0.9010727354437336 -0.47324422808176836 -0.39398171685255967 -0.3462618580041361 -0.30536897910803185 -0.05141583804712879 0.6773276971071502 -0.9164011431365136 -0.4272780156547984 0.9882963852360249 0.024170032521189988 -0.31589237840051143 -0.16410338337955355 -0.7386999157637797 -0.21903969295432302 -0.5895230149539163 -0.40949209383767626 -0.6879566233025212 0.6272696442657955 -0.9821189828482364 0.01294156535027069 -0.5649252132432045 -0.4779079790690881 0.47921234973497095 -0.06854168355697454 0.6752454703820301 0.8351213261647954 -0.4475531077607775 0.6353586306441212 0.926837067261334 0.13930356806188926 -0.8624944201994293 0.2035059416022058 0.8733403332074314 -0.7078757454816627 0.1990144467218804 -0.4719205286221997 0.4502211771118445 0.9161213564351249 -0.49411439321426465 -0.9253602045071776 -0.9354272234247645 -0.17659584579687992 0.760591680492068 -0.031946715801091985 -0.38403669273489904 -0.4297038611713262 99.07466942411678 -0.6410188108013295 -0.8056924252761428 -0.11833466803334147
-0.19081364003425194 -0.2198009468273998 -0.2032579653854356 -0.23723086241217795 0.9998676459290887 -0.9442908681577769 -0.4701731390576247 0.2631514311445047 -0.33600430978973717 -0.15963393371305834 0.552231167892135 0.3753784816154806 0.5232951723106101 -0.6413225002723308 -0.6570234818087826 0.2570086384874606 -0.5054860858748256 -0.07827607699331751 0.03938656087539627 -0.8086859495071523 -0.7452598455145232 -0.0018667952138240462 -0.6368964118876255 -0.7382147027232537 0.2989597487896105 0.3028480584005575 -0.3100997782396142 0.7842510657285091 -0.13492392714031665 -0.1611625330749331 -0.006479333333897053 -0.8533466823524458 0.5763065744901996 -0.3783369904002536 -0.9807767278212942 0.9081707509359047 -0.7943511097930827 0.8972299394285137 -0.37614120675571083 0.4906756940100987 -0.5621244149100137 -0.10448795226280394 0.3340605031002224 0.6709511001554647 0.21279458554459785 -0.5206698833178114 0.8115716950441445 -0.4213880028139809 -0.34352762198293507 -0.8632737707416835 0.29314904005395515 0.7258581348994833 0.2537173764153684 0.9462512715321079 0.6355458777383589 -0.1733451147948164 0.7364048795261537 0.6194225891127139 0.3111499791635979 0.12388713628431036 -0.21179873956208506 -0.3607030491892367 -0.9435478583510202 0.9429071817879422 -0.061228845342516935 -0.3984085624388092 -0.23179424087712275 -0.07705395975640128 0.6474017551667477 -0.6799227146687885 0.2944076022348807 0.5795416522737109 -0.5639643219484025 -0.40060354087371075 -0.22913291410451375 0.6993702354908475 0.12388231779783387 -0.22865498394405348 0.8039763857794038 0.7485390280010435 -0.2843468425627669 -0.7534336688345848 -0.5766824012018388 0.5927115608680489 -0.6481688232204412 -0.0871298335160402 0.38110248836463256 -0.034868539721700564 0.15619170643042657 -0.2347649136629808 -0.3196181077511864 0.3305058158830032 0.8637268938435836 -0.5664410079407243 -0.1621123954111905 0.32763168633155315 0.15441448363358634 99.14762209005907 -0.24520430984538577 -0.26190379407741116
0.9045899595235491 -0.31687033990472413 0.2116236508928715 -0.583500553541662 -0.37491714139963883 -0.9303454923139431 0.11071324082480238 -0.46227393877160905 0.17852789475838504 -0.29494403629433275 -0.7376302336862071 0.9049527432900943 0.703553799245602 0.7072584366963257 0.8941320124185581 -0.7031678213905592 0.12895413333451677 -0.04071053486562315 0.346588813237221 0.22032784935744387 -0.449936755101747 0.1514147666008856 -0.3989459974057059 -0.6219589692275911 -0.6208131338557652 0.6529893182323852 0.11349082561193624 0.9987373064477214 -0.9536528183558657 -0.9353905012345736 -0.26504203581703867 0.7258156619341161 -0.9273214499083062 -0.2881416080297272 0.480972815110166 0.6744796108364679 -0.789415919879694 -0.7252156440534807 -0.053687473992492185 -0.7377396030969601 -0.5843614655147795 0.003068701017252984 -0.8474212051682062 -0.04309224756465846 0.1626252793258407 -0.76217892678962 -0.68996420068966 0.6542528738321538 -0.7751276435412482 0.36040794452494906 -0.2360831349193826 0.1989643035969244 0.9446285248882831 -0.5773499218823528 -0.17714934826317474 -0.2086958120438278 -0.10276701012809664 -0.0012043703962321128 0.04141580318271676 -0.6454890540230138 -0.26160161236726576 0.894916495170168 0.05556962591736658 -0.7479002641205512 0.1930197399093192 0.6213769548329304 -0.68844970664153 -0.3285293165861958 0.07779714238602331 0.32039231178082384 -0.903491410900686 -0.9596445201462394 -0.040799524245969554 0.9117978147919759 0.06487066934556962 -0.2111013493996723 -0.3258216364407036 0.48418294673783 0.6584820073073485 -0.9547886447022327 0.937689293970783 -0.05419863706773742 0.32630237768935033 -0.009983075978999834 0.6845825377257246 -0.8661293802543615 -0.9612451367744499 0.7765379977543132 0.9849283839270433 0.24162010700324887 -0.5566494581384094 0.6788543469654533 0.044502858954577285 -0.33260155158632587 0.8450082830206063 0.6413162182676284 -0.4821805098640177 -0.9795344400842132 100.2232557887972 -0.4536200537536941
-0.9677932878357602 0.9289934342920891 -0.007992970581962133 0.9897692802102676 -0.6114188489979402 0.531184570814089 -0.8243989239972467 0.42548646668214873 0.5303815610196503 -0.5943555855777354 0.4864250556621281 0.08378643911342687 -0.7917508482793834 0.5406656545097195 -0.5931326831786612 0.663967861820183 -0.24625248860043114 -0.9288336141538358 -0.8933934168330839 0.2451519341420869 -0.7469730917777289 0.5255465495478111 -0.014046619237547908 0.8128259631002377 -0.6247628881088181 0.08972439237363905 0.19664455260631497 -0.11091338735700318 0.8470576694202827 0.37451274879941154 0.1531672115331688 0.442198955561409 -0.731463755067701 0.44427684237085074 0.5588340114174719 0.3518403369929537 -0.6125715725971894 -0.5850962368481352 -0.5384395392046515 0.8646867615424778 -0.8210349033589794 0.5624319096234347 0.6774497159044712 -0.5442808616469978 -0.04346279358104943 0.8083836132172901 -0.24634155956151504 0.8246945972311555 0.9476749169424388 0.3026340769232623 -0.32332763362824224 -0.018507049348658544 -0.44058764324026267 0.6590884839182787 0.5524672837344926 -0.4187338896730983 -0.32992553526475876 0.301703982879284 0.3011964095778328 -0.4073549393267051 -0.6513524017887129 -0.6355028706408281 0.028878969738288296 -0.9723776797997621 0.6964277218869703 0.547851588313732 0.6827626899743373 0.5131157328661478 -0.2046885601416275 -0.7398681015761439 -0.3461260306313736 0.9187760549669088 0.8908384745157758 0.8087122771850381 0.12950977244270412 0.3775360384487987 -0.09106082254804737 0.8596124413076454 -0.16195960401415643 -0.4419482224334872 0.9403814245612432 -0.3576118993476456 0.1479238158172198 0.881963478030398 -0.15036891650103845 0.6546297757432005 0.5523713857803785 0.32445092365954165 0.3375024153528454 -0.09831516895957915 -0.3324713399961903 -0.8321643144360742 -0.12731233960610377 0.25223954231866763 0.9978832711688279 -0.6147749736303494 0.694612582209021 0.7120036889036703 0.291871594540394 99.46851240660968
